"Date","Max.TemperatureC","Mean.TemperatureC","Min.TemperatureC","Dew.PointC","MeanDew.PointC","Min.DewpointC","Max.Humidity","Mean.Humidity","Min.Humidity","Max.Sea.Level.PressurehPa","Mean.Sea.Level.PressurehPa","Min.Sea.Level.PressurehPa","Max.VisibilityKm","Mean.VisibilityKm","Min.VisibilitykM","Max.Wind.SpeedKm.h","Mean.Wind.SpeedKm.h","Max.Gust.SpeedKm.h","Precipitationmm","CloudCover","Events","WindDirDegrees"
2012-12-05,8,5,3,4,-1,-9,89,70,18,NA,NA,NA,31,16,8,27,14,NA,0,NA,"",-1
2012-12-06,5,1,-2,0,-2,-6,95,74,56,NA,NA,NA,31,23,14,0,0,NA,0,NA,"",-1
2012-12-07,6,2,-1,2,-6,-12,84,51,16,NA,NA,NA,19,15,3,13,3,NA,1.02,NA,"",-1
2012-12-08,4,3,1,4,2,-1,100,90,80,NA,NA,NA,8,7,6,19,14,NA,0,8,"Rain",-1
2012-12-09,-2,-2,-3,-1,-3,-4,99,95,89,NA,NA,NA,11,7,2,55,31,NA,2.03,8,"Snow",-1
2012-12-10,4,1,-3,3,-3,-14,87,64,22,NA,NA,NA,19,14,8,8,5,NA,4.06,8,"",-1
2012-12-11,2,0,-2,-1,-5,-8,91,63,36,NA,NA,NA,31,14,0,26,6,NA,0.51,8,"Snow",-1
2012-12-12,2,-1,-3,-3,-4,-4,85,76,58,NA,NA,NA,16,15,14,8,3,NA,0,NA,"",-1
2012-12-13,4,1,-3,-5,-6,-8,71,52,27,NA,NA,NA,26,21,18,2,0,NA,0,NA,"",-1
2012-12-14,7,4,2,6,4,3,92,85,78,NA,NA,NA,19,12,6,19,14,NA,7.11,8,"Rain",-1
2012-12-15,10,8,7,7,6,4,87,73,58,NA,NA,NA,11,10,6,19,13,NA,0,8,"Rain",-1
2012-12-16,12,10,8,8,6,4,90,69,51,NA,NA,NA,18,15,13,26,13,NA,0,8,"",-1
2012-12-17,12,9,6,7,6,5,100,83,54,NA,NA,NA,19,14,11,19,14,NA,2.03,8,"Rain",-1
2012-12-18,7,4,2,2,-1,-3,87,64,52,NA,NA,NA,31,25,13,27,5,NA,0,NA,"",-1
2012-12-19,3,2,1,1,-1,-4,92,71,49,NA,NA,NA,26,14,3,37,23,NA,4.06,8,"Rain",-1
2012-12-20,5,3,1,-2,-3,-4,70,55,43,NA,NA,NA,31,17,10,10,6,NA,0,NA,"",-1
2012-12-21,4,3,0,2,-1,-2,96,79,58,NA,NA,NA,14,7,0,2,0,NA,6.1,8,"Rain",-1
2012-12-22,3,1,-1,2,0,-2,94,83,72,NA,NA,NA,14,6,0,16,6,NA,11.94,8,"Fog-Rain",-1
2012-12-23,9,6,2,2,-2,-8,73,49,24,NA,NA,NA,31,24,14,3,0,NA,0,NA,"",-1
2012-12-24,11,7,4,8,6,2,98,83,66,NA,NA,NA,31,22,14,6,0,NA,0,NA,"",-1
2012-12-25,13,8,5,6,4,3,100,74,50,NA,NA,NA,26,19,14,10,3,NA,0,NA,"",-1
2012-12-26,11,10,9,7,3,-3,79,54,25,NA,NA,NA,31,22,11,23,5,NA,2.03,8,"",-1
2012-12-27,11,8,6,7,3,-3,96,67,31,NA,NA,NA,31,18,2,13,3,NA,0,8,"Rain",-1
2012-12-28,8,7,4,3,3,1,73,71,70,NA,NA,NA,26,20,18,35,13,NA,3.05,NA,"",-1
2012-12-29,6,4,2,2,0,-2,86,72,47,NA,NA,NA,26,14,6,39,29,NA,0,NA,"Rain",-1
2012-12-30,11,6,1,2,-3,-9,82,54,25,NA,NA,NA,31,21,14,0,0,NA,0,NA,"",-1
2012-12-31,9,4,2,1,-1,-6,88,62,27,NA,NA,NA,19,19,19,0,0,NA,0,NA,"",-1
2013-01-01,9,6,3,1,-3,-8,64,42,25,NA,NA,NA,26,24,19,19,5,NA,0,NA,"",-1
2013-01-02,6,5,4,5,4,3,94,89,84,NA,NA,NA,18,12,8,3,2,NA,0,8,"Rain",-1
2013-01-03,8,6,4,6,4,4,100,93,79,NA,NA,NA,11,7,5,0,0,NA,0,8,"",-1
2013-01-04,11,4,4,3,2,1,92,72,51,NA,NA,NA,19,10,0,0,0,NA,0,NA,"Fog",-1
2013-01-05,12,8,7,-1,-2,-3,41,37,30,NA,NA,NA,26,21,19,0,0,NA,0,NA,"",-1
2013-01-06,11,7,5,5,0,-3,99,56,32,NA,NA,NA,31,21,14,14,10,NA,0,NA,"",-1
2013-01-07,11,8,6,6,1,-4,95,58,24,NA,NA,NA,31,17,11,23,6,NA,0,NA,"",-1
2013-01-08,9,7,4,3,0,-3,86,58,32,NA,NA,NA,26,19,11,2,2,NA,0,NA,"",-1
2013-01-09,4,4,3,3,3,3,100,92,84,NA,NA,NA,14,10,6,0,0,NA,0,NA,"",-1
2013-01-10,7,4,3,4,3,2,100,88,82,NA,NA,NA,14,10,6,21,10,NA,0,8,"",-1
2013-01-11,10,8,4,4,2,1,96,74,40,NA,NA,NA,26,17,11,24,10,NA,1.02,NA,"",-1
2013-01-12,8,4,2,2,1,0,84,71,59,NA,NA,NA,18,12,3,14,8,NA,0,8,"",-1
2013-01-13,7,6,4,5,3,-1,93,77,58,NA,NA,NA,14,10,5,19,6,NA,2.03,8,"Rain",-1
2013-01-14,7,6,4,5,4,3,88,86,85,NA,NA,NA,14,10,6,27,18,NA,11.94,8,"Rain",-1
2013-01-15,6,4,2,2,1,-1,94,75,54,NA,NA,NA,14,14,14,23,13,NA,0,8,"Rain",-1
2013-01-16,2,2,1,1,-1,-2,88,82,71,NA,NA,NA,14,10,0,50,14,NA,0.51,8,"Snow",-1
2013-01-17,6,3,2,1,1,-1,90,75,67,NA,NA,NA,18,14,10,3,2,NA,5.08,8,"Snow",-1
2013-01-18,0,-1,-2,-2,-2,-2,95,88,83,NA,NA,NA,11,6,0,3,2,NA,3.05,NA,"Snow",-1
2013-01-19,4,0,-2,3,-2,-4,89,76,65,NA,NA,NA,31,16,10,3,0,NA,0,8,"",-1
2013-01-20,12,NA,9,6,6,6,68,68,68,NA,NA,NA,13,13,13,3,3,NA,3.05,NA,"",-1
2013-01-21,9,7,4,7,4,0,87,78,64,NA,NA,NA,18,11,8,29,16,NA,7.87,8,"Rain",-1
2013-01-22,7,4,3,3,1,0,84,71,62,NA,NA,NA,18,14,10,42,35,NA,0,NA,"",-1
2013-01-23,8,4,1,5,1,-1,100,79,60,NA,NA,NA,19,11,3,14,3,NA,14.99,8,"Rain",-1
2013-01-24,7,3,1,3,2,1,87,83,75,NA,NA,NA,14,9,0,10,5,NA,3.05,NA,"Rain",-1
2013-01-25,2,1,-1,1,0,-1,93,88,84,NA,NA,NA,13,6,3,34,8,NA,0.25,8,"Snow",-1
2013-01-26,1,0,-1,-2,-3,-4,83,72,63,NA,NA,NA,16,13,8,23,13,NA,0,8,"",-1
2013-01-27,6,1,-1,-2,-3,-3,76,66,51,NA,NA,NA,14,10,6,6,3,NA,0,8,"",-1
2013-01-28,6,3,2,1,-2,-3,73,65,56,NA,NA,NA,26,15,8,3,2,NA,0,8,"",-1
2013-01-29,8,3,1,2,1,0,92,77,66,NA,NA,NA,19,13,0,3,2,NA,0,NA,"Fog",-1
2013-01-30,11,7,3,3,2,2,90,69,44,NA,NA,NA,31,21,14,6,3,NA,0,NA,"",-1
2013-01-31,12,7,6,6,4,3,75,74,72,NA,NA,NA,31,20,11,6,3,NA,0,NA,"",-1
2013-02-01,12,9,9,4,1,-2,66,50,33,NA,NA,NA,26,23,19,16,13,NA,0,NA,"",-1
2013-02-02,10,9,7,7,6,4,87,73,55,NA,NA,NA,19,13,8,66,43,NA,1.02,8,"Rain",-1
2013-02-03,3,1,-1,2,-1,-3,98,87,75,NA,NA,NA,14,11,0,34,18,NA,11.94,NA,"Rain-Snow",-1
2013-02-04,8,2,-2,-4,-8,-11,65,39,17,NA,NA,NA,18,18,18,11,6,NA,0,NA,"",-1
2013-02-05,11,7,3,3,-3,-6,74,44,29,NA,NA,NA,31,24,11,16,3,NA,0,8,"",-1
2013-02-06,8,7,5,4,2,-1,68,60,44,NA,NA,NA,14,12,11,42,24,NA,0,8,"",-1
2013-02-07,3,2,1,1,-1,-3,93,80,60,NA,NA,NA,14,9,2,10,5,NA,0.25,8,"Snow",-1
2013-02-08,0,-1,-2,-2,-3,-4,88,83,78,NA,NA,NA,14,8,2,27,11,NA,4.06,8,"Snow",-1
2013-02-09,-2,-3,-4,-3,-4,-6,89,83,75,NA,NA,NA,14,12,5,16,8,NA,0,8,"",-1
2013-02-10,2,-2,-4,-4,-7,-9,90,62,46,NA,NA,NA,31,18,8,3,2,NA,0,8,"",-1
2013-02-11,4,-2,-4,2,-1,-4,97,90,79,NA,NA,NA,11,9,3,52,19,NA,1.02,8,"",-1
2013-02-12,3,3,2,3,2,2,98,93,88,NA,NA,NA,6,6,5,35,19,NA,1.02,8,"Rain",-1
2013-02-13,4,1,1,1,0,-1,91,86,78,NA,NA,NA,14,10,3,10,6,NA,0,8,"Rain",-1
2013-02-14,5,1,-1,1,0,-1,93,87,74,NA,NA,NA,14,13,11,2,2,NA,0,NA,"",-1
2013-02-15,7,3,1,3,1,0,100,83,59,NA,NA,NA,14,7,3,0,0,NA,0,NA,"",-1
2013-02-16,4,2,1,2,1,1,100,90,77,NA,NA,NA,11,6,2,3,2,NA,0,8,"",-1
2013-02-17,7,3,1,2,1,0,96,84,52,NA,NA,NA,14,9,5,3,2,NA,0.25,8,"",-1
2013-02-18,7,4,0,2,1,-1,99,85,53,NA,NA,NA,16,7,3,0,0,NA,7.11,8,"Snow",-1
2013-02-19,6,-1,-1,1,-1,-2,95,86,81,NA,NA,NA,10,8,5,2,0,NA,0,NA,"",-1
2013-02-20,8,4,1,-3,-5,-8,52,41,20,NA,NA,NA,31,27,26,3,3,NA,0,NA,"",-1
2013-02-21,6,2,1,-1,-2,-2,76,67,57,NA,NA,NA,19,19,19,0,0,NA,0,NA,"",-1
2013-02-22,8,4,2,3,1,-3,92,73,53,NA,NA,NA,19,12,5,11,3,NA,1.02,8,"Rain",-1
2013-02-23,7,5,4,4,3,-2,91,80,54,NA,NA,NA,19,11,6,40,13,NA,11.94,8,"Rain",-1
2013-02-24,6,5,3,5,1,-2,88,71,59,NA,NA,NA,19,19,18,26,19,NA,0,NA,"",-1
2013-02-25,6,1,-1,1,-2,-5,82,71,57,NA,NA,NA,26,22,18,0,0,NA,0,NA,"",-1
2013-02-26,6,4,1,2,1,1,100,84,53,NA,NA,NA,19,16,6,3,0,NA,0,NA,"",-1
2013-02-27,9,4,1,3,-1,-6,98,72,25,NA,NA,NA,18,8,3,6,2,NA,0,NA,"",-1
2013-02-28,8,4,1,3,2,0,98,85,56,NA,NA,NA,18,9,3,0,0,NA,0,NA,"",-1
2013-03-01,6,3,1,4,2,1,99,88,76,NA,NA,NA,10,5,0,2,0,NA,0,8,"Fog",-1
2013-03-02,4,3,3,3,2,2,95,88,82,NA,NA,NA,8,5,2,29,10,NA,2.03,8,"Rain",-1
2013-03-03,11,4,0,1,-2,-6,89,64,24,NA,NA,NA,26,21,14,3,2,NA,0,NA,"",-1
2013-03-04,13,8,3,4,1,-1,73,58,28,NA,NA,NA,19,17,14,0,0,NA,0,NA,"",-1
2013-03-05,12,6,6,6,2,-2,82,63,43,NA,NA,NA,18,16,11,3,0,NA,1.02,8,"",-1
2013-03-06,10,6,5,7,4,1,92,78,55,NA,NA,NA,6,5,0,16,3,NA,0.51,8,"Fog-Rain",-1
2013-03-07,14,10,8,9,8,6,93,82,75,NA,NA,NA,11,9,3,32,14,NA,0.25,8,"",-1
2013-03-08,13,9,8,8,8,7,96,87,70,NA,NA,NA,14,11,6,3,2,NA,0.51,8,"",-1
2013-03-09,13,10,8,6,4,3,77,63,43,NA,NA,NA,19,15,8,13,8,NA,0,NA,"",-1
2013-03-10,12,10,8,6,4,3,71,63,43,NA,NA,NA,31,21,14,37,11,NA,3.05,NA,"",-1
2013-03-11,11,7,4,6,4,2,87,73,64,NA,NA,NA,19,13,6,34,23,NA,0.51,NA,"Rain",-1
2013-03-12,11,7,4,6,3,2,100,82,43,NA,NA,NA,23,13,2,39,13,NA,5.08,8,"Rain",-1
2013-03-13,8,5,3,4,3,2,92,86,78,NA,NA,NA,19,11,3,16,5,NA,3.05,8,"Rain",-1
2013-03-14,5,4,2,4,3,1,94,91,88,NA,NA,NA,11,7,3,14,5,NA,6.1,8,"Rain",-1
2013-03-15,-1,-1,-2,-2,-3,-4,84,80,72,NA,NA,NA,13,9,3,19,10,NA,0.51,8,"Snow",-1
2013-03-16,3,-1,-3,-2,-3,-5,98,79,49,NA,NA,NA,14,10,6,13,6,NA,0,8,"Snow",-1
2013-03-17,7,2,-2,-2,-3,-4,85,62,36,NA,NA,NA,19,15,11,21,5,NA,0,NA,"",-1
2013-03-18,13,8,4,9,6,2,100,73,51,NA,NA,NA,14,12,8,55,37,NA,0.25,8,"",-1
2013-03-19,12,8,6,3,1,-1,66,51,34,NA,NA,NA,19,15,11,47,35,NA,0,NA,"",-1
2013-03-20,14,9,5,6,2,0,84,58,30,NA,NA,NA,26,17,6,3,2,NA,0.51,8,"Rain",-1
2013-03-21,9,6,4,7,3,-1,100,75,53,NA,NA,NA,31,20,2,21,10,NA,0,8,"Rain",-1
2013-03-22,14,8,4,2,-4,-10,67,38,10,NA,NA,NA,31,27,19,3,0,NA,0,NA,"",-1
2013-03-23,17,10,5,1,-1,-7,67,41,15,NA,NA,NA,19,17,14,0,0,NA,0,NA,"",-1
2013-03-24,17,12,8,11,3,0,100,51,26,NA,NA,NA,31,17,8,6,2,NA,0,NA,"",-1
2013-03-25,12,9,4,9,6,3,99,83,60,NA,NA,NA,6,4,0,6,3,NA,6.1,8,"Fog-Rain",-1
2013-03-26,11,6,3,5,3,2,97,81,57,NA,NA,NA,18,8,0,16,5,NA,0.51,8,"Rain",-1
2013-03-27,6,4,3,6,3,1,98,88,81,NA,NA,NA,2,1,0,3,2,NA,0,8,"Fog-Rain",-1
2013-03-28,10,6,4,9,5,2,96,86,80,NA,NA,NA,2,0,0,0,0,NA,0,8,"Fog",-1
2013-03-29,15,11,8,9,8,7,97,75,58,NA,NA,NA,14,12,10,10,6,NA,0,NA,"",-1
2013-03-30,14,11,9,10,8,6,100,76,64,NA,NA,NA,19,14,10,11,3,NA,3.05,NA,"Rain",-1
2013-03-31,10,7,5,8,6,2,100,90,62,NA,NA,NA,18,12,6,45,31,NA,1.02,NA,"Rain",-1
2013-04-01,12,8,4,7,4,2,83,70,42,NA,NA,NA,31,19,10,23,13,NA,0.51,8,"Rain",-1
2013-04-02,11,8,7,7,7,6,97,88,81,NA,NA,NA,11,9,6,27,21,NA,7.11,8,"Rain-Thunderstorm",-1
2013-04-03,9,7,3,6,4,2,98,83,72,NA,NA,NA,11,5,0,6,3,NA,1.02,8,"Rain",-1
2013-04-04,12,9,6,8,6,4,100,80,48,NA,NA,NA,31,16,8,24,3,NA,0,NA,"",-1
2013-04-05,13,9,6,7,6,4,97,72,51,NA,NA,NA,31,18,0,26,14,NA,0,NA,"Fog",-1
2013-04-06,14,10,7,8,6,5,99,74,46,NA,NA,NA,31,24,14,10,6,NA,0,NA,"",-1
2013-04-07,9,7,6,6,5,4,96,87,72,NA,NA,NA,18,12,10,14,5,NA,0,8,"",-1
2013-04-08,13,7,2,6,1,-2,69,55,32,NA,NA,NA,26,17,10,14,5,NA,0,NA,"",-1
2013-04-09,14,9,6,8,5,4,100,70,52,NA,NA,NA,31,23,16,14,8,NA,0,NA,"",-1
2013-04-10,17,12,8,8,6,4,82,61,32,NA,NA,NA,26,21,11,14,8,NA,0,NA,"",-1
2013-04-11,18,13,7,9,7,4,100,70,26,NA,NA,NA,31,20,10,10,2,NA,0,NA,"",-1
2013-04-12,18,13,11,10,8,6,84,68,52,NA,NA,NA,31,23,18,19,13,NA,0,NA,"",-1
2013-04-13,21,16,10,10,8,4,93,68,23,NA,NA,NA,31,21,14,0,0,NA,0,NA,"",-1
2013-04-14,17,14,11,10,6,-2,84,56,22,NA,NA,NA,31,25,19,10,2,NA,0,NA,"",-1
2013-04-15,20,15,11,7,-2,-11,52,24,9,NA,NA,NA,31,24,19,10,3,NA,0,NA,"",-1
2013-04-16,19,16,12,7,6,5,55,45,27,NA,NA,NA,31,27,19,10,3,NA,0,NA,"",-1
2013-04-17,18,14,11,4,3,1,53,40,25,NA,NA,NA,19,19,19,16,6,NA,0,NA,"",-1
2013-04-18,20,16,12,4,-1,-8,31,22,12,NA,NA,NA,19,19,19,11,5,NA,0,NA,"",-1
2013-04-19,21,18,15,8,7,6,46,42,36,NA,NA,NA,31,23,19,11,5,NA,0,NA,"",-1
2013-04-20,21,16,11,11,9,7,96,60,33,NA,NA,NA,26,18,8,11,8,NA,0,NA,"",-1
2013-04-21,16,12,10,12,7,-1,100,70,25,NA,NA,NA,18,14,11,14,6,NA,0,8,"",-1
2013-04-22,12,8,6,6,5,4,91,77,64,NA,NA,NA,18,13,3,16,6,NA,0.51,NA,"",-1
2013-04-23,15,10,6,10,6,4,100,80,52,NA,NA,NA,26,19,3,10,3,NA,2.03,8,"Rain",-1
2013-04-24,16,11,8,12,10,7,100,89,63,NA,NA,NA,8,4,0,3,2,NA,0,NA,"Fog",-1
2013-04-25,19,14,10,12,9,3,96,72,27,NA,NA,NA,14,11,5,6,0,NA,0,8,"",-1
2013-04-26,24,18,12,12,9,2,88,63,14,NA,NA,NA,31,16,10,10,2,NA,0.76,8,"",-1
2013-04-27,13,13,12,13,12,11,97,91,83,NA,NA,NA,11,9,6,24,13,NA,4.06,8,"Rain",-1
2013-04-28,22,16,11,12,9,6,82,61,27,NA,NA,NA,26,17,10,19,8,NA,0,NA,"",-1
2013-04-29,25,20,16,14,11,6,70,50,19,NA,NA,NA,18,14,10,8,2,NA,0,NA,"",-1
2013-04-30,24,21,18,15,10,4,59,42,26,NA,NA,NA,14,13,10,8,2,NA,0,8,"",-1
2013-05-01,27,23,19,12,10,7,49,37,25,NA,NA,NA,19,13,10,6,2,NA,0,8,"",-1
2013-05-02,24,17,14,17,15,14,98,81,64,NA,NA,NA,11,9,5,10,6,NA,2.03,8,"Rain",-1
2013-05-03,22,17,13,16,14,13,97,82,51,NA,NA,NA,19,12,8,11,2,NA,0,NA,"",-1
2013-05-04,25,20,15,16,13,9,83,65,27,NA,NA,NA,19,16,11,6,0,NA,1.02,NA,"Thunderstorm",-1
2013-05-05,19,16,13,17,15,13,100,96,86,NA,NA,NA,18,12,6,27,14,NA,13.97,8,"Rain-Thunderstorm",-1
2013-05-06,17,13,12,14,12,9,99,84,65,NA,NA,NA,26,8,0,11,6,NA,4.06,NA,"Fog",-1
2013-05-07,18,13,9,12,11,9,98,85,51,NA,NA,NA,26,16,8,6,3,NA,4.06,NA,"Rain",-1
2013-05-08,18,13,11,13,12,11,100,87,70,NA,NA,NA,19,13,8,6,3,NA,0,NA,"",-1
2013-05-09,21,14,11,14,11,8,97,73,38,NA,NA,NA,31,21,14,0,0,NA,0,NA,"",-1
2013-05-10,22,18,14,15,13,12,90,71,42,NA,NA,NA,14,13,10,6,3,NA,0,8,"",-1
2013-05-11,19,16,13,13,13,12,98,82,64,NA,NA,NA,26,21,14,11,3,NA,0,NA,"",-1
2013-05-12,17,12,10,13,11,10,98,90,82,NA,NA,NA,19,12,6,14,3,NA,2.03,8,"Rain-Thunderstorm",-1
2013-05-13,13,11,9,11,9,7,100,84,69,NA,NA,NA,23,18,11,32,10,NA,0,NA,"",-1
2013-05-14,20,13,8,8,3,-1,93,44,22,NA,NA,NA,31,27,23,3,2,NA,0,NA,"",-1
2013-05-15,19,16,12,9,9,8,66,55,39,NA,NA,NA,31,24,19,13,3,NA,0,NA,"",-1
2013-05-16,22,17,13,14,13,10,83,73,62,NA,NA,NA,19,14,10,11,8,NA,0,8,"Rain",-1
2013-05-17,17,16,14,14,10,3,86,64,35,NA,NA,NA,31,21,10,19,6,NA,0.51,NA,"",-1
2013-05-18,23,16,9,12,9,7,76,59,27,NA,NA,NA,31,20,11,3,2,NA,0,NA,"",-1
2013-05-19,20,17,15,13,12,8,69,63,52,NA,NA,NA,31,16,6,16,8,NA,0,NA,"",-1
2013-05-20,19,13,9,9,8,6,77,62,34,NA,NA,NA,31,25,19,23,10,NA,0,NA,"",-1
2013-05-21,21,16,11,14,9,6,99,63,41,NA,NA,NA,26,14,0,13,6,NA,7.11,NA,"Fog",-1
2013-05-22,13,11,10,12,11,8,97,90,83,NA,NA,NA,3,2,0,21,5,NA,7.87,NA,"Fog-Rain-Thunderstorm",-1
2013-05-23,13,11,8,9,8,7,98,80,62,NA,NA,NA,10,6,2,13,8,NA,4.06,8,"Rain",-1
2013-05-24,13,11,9,8,6,4,85,66,51,NA,NA,NA,19,14,10,23,11,NA,0,NA,"",-1
2013-05-25,11,9,7,7,6,3,81,70,58,NA,NA,NA,19,16,14,23,16,NA,0.25,NA,"Rain",-1
2013-05-26,14,8,5,5,4,3,81,63,47,NA,NA,NA,31,25,19,34,26,NA,0,NA,"",-1
2013-05-27,17,11,7,8,6,4,73,60,35,NA,NA,NA,26,22,14,19,11,NA,0,NA,"",-1
2013-05-28,19,13,10,13,11,9,95,73,56,NA,NA,NA,31,20,14,0,0,NA,0,NA,"",-1
2013-05-29,17,16,12,11,8,3,95,60,35,NA,NA,NA,26,18,8,14,6,NA,1.02,NA,"Rain",-1
2013-05-30,14,11,8,7,6,4,93,67,41,NA,NA,NA,26,20,14,45,24,NA,1.02,NA,"Rain",-1
2013-05-31,13,10,7,8,6,4,92,74,59,NA,NA,NA,26,18,10,34,27,NA,4.06,NA,"Rain",-1
2013-06-01,13,10,9,11,8,7,100,88,72,NA,NA,NA,19,13,6,37,26,NA,2.03,8,"Rain",-1
2013-06-02,20,13,8,14,9,7,94,71,39,NA,NA,NA,31,21,14,6,0,NA,0,NA,"",-1
2013-06-03,18,12,10,13,12,12,99,97,93,NA,NA,NA,14,10,6,2,0,NA,10.92,8,"Rain-Thunderstorm",-1
2013-06-04,17,11,10,13,12,10,99,95,91,NA,NA,NA,16,9,2,11,2,NA,2.03,8,"Rain",-1
2013-06-05,18,13,10,15,12,11,95,93,92,NA,NA,NA,26,15,3,3,0,NA,8.89,8,"Rain-Thunderstorm",-1
2013-06-06,21,16,12,13,13,12,94,79,53,NA,NA,NA,26,21,11,2,0,NA,21.08,NA,"",-1
2013-06-07,21,16,12,12,9,4,81,60,23,NA,NA,NA,31,25,19,2,0,NA,0,NA,"",-1
2013-06-08,23,18,14,12,10,6,77,52,25,NA,NA,NA,31,25,19,3,0,NA,0,NA,"",-1
2013-06-09,25,20,16,13,9,3,72,43,22,NA,NA,NA,31,24,16,10,5,NA,0,NA,"",-1
2013-06-10,21,14,13,8,4,2,35,31,25,NA,NA,NA,31,27,26,10,6,NA,0,NA,"",-1
2013-06-11,20,16,12,13,10,8,76,62,41,NA,NA,NA,31,21,11,3,2,NA,0.51,NA,"",-1
2013-06-12,19,16,13,13,8,3,94,55,25,NA,NA,NA,31,27,14,34,11,NA,0,NA,"",-1
2013-06-13,21,17,13,10,7,6,69,46,27,NA,NA,NA,31,29,26,23,10,NA,0,NA,"",-1
2013-06-14,26,19,15,11,7,-1,63,38,12,NA,NA,NA,31,28,26,6,3,NA,0,NA,"",-1
2013-06-15,27,22,18,18,15,13,67,56,34,NA,NA,NA,31,18,0,3,2,NA,0,NA,"",-1
2013-06-16,29,23,18,17,15,12,87,54,25,NA,NA,NA,31,23,11,2,0,NA,0,NA,"",-1
2013-06-17,30,22,21,16,15,13,60,50,42,NA,NA,NA,31,25,19,0,0,NA,0,NA,"",-1
2013-06-18,30,26,22,18,16,14,65,47,28,NA,NA,NA,31,21,14,0,0,NA,30.99,NA,"",-1
2013-06-19,30,26,22,19,17,11,65,51,21,NA,NA,NA,19,16,11,8,2,NA,0,NA,"",-1
2013-06-20,30,26,22,20,14,8,78,44,20,NA,NA,NA,31,24,18,8,2,NA,0,NA,"",-1
2013-06-21,31,26,22,11,8,8,28,24,17,NA,NA,NA,31,29,26,10,5,NA,0,NA,"",-1
2013-06-22,28,24,21,13,9,8,37,29,18,NA,NA,NA,31,27,14,6,3,NA,0,NA,"",-1
2013-06-23,26,23,20,14,11,7,51,36,21,NA,NA,NA,31,31,31,13,5,NA,0,NA,"",-1
2013-06-24,23,20,16,16,12,9,80,57,32,NA,NA,NA,31,23,18,11,10,NA,0,NA,"",-1
2013-06-25,20,17,13,14,13,12,97,75,48,NA,NA,NA,26,16,2,14,8,NA,1.02,8,"Rain",-1
2013-06-26,21,17,13,11,7,6,69,49,30,NA,NA,NA,23,19,14,11,3,NA,0,NA,"",-1
2013-06-27,19,16,12,12,10,8,75,63,41,NA,NA,NA,26,19,14,2,0,NA,10.92,NA,"",-1
2013-06-28,21,17,13,11,8,4,73,50,22,NA,NA,NA,23,20,18,3,0,NA,0,NA,"Rain",-1
2013-06-29,18,14,11,11,8,4,91,64,31,NA,NA,NA,19,10,2,14,5,NA,0,8,"Rain",-1
2013-06-30,20,16,12,9,4,-1,75,41,17,NA,NA,NA,26,22,18,11,11,NA,0,NA,"",-1
2013-07-01,25,19,14,8,3,0,52,28,12,NA,NA,NA,31,25,19,8,2,NA,0,NA,"",-1
2013-07-02,26,21,17,9,6,3,42,28,16,NA,NA,NA,31,28,26,2,0,NA,0,NA,"",-1
2013-07-03,26,22,18,11,9,7,47,32,24,NA,NA,NA,31,24,19,3,2,NA,0,NA,"",-1
2013-07-04,21,18,17,15,12,9,87,59,37,NA,NA,NA,14,14,14,10,2,NA,16,8,"Rain-Thunderstorm",-1
2013-07-05,24,19,16,14,11,8,76,52,27,NA,NA,NA,26,22,18,19,10,NA,0,NA,"",-1
2013-07-06,24,21,18,14,12,8,66,48,39,NA,NA,NA,31,24,19,29,13,NA,0,NA,"",-1
2013-07-07,24,20,16,15,13,12,80,57,39,NA,NA,NA,26,22,11,26,8,NA,0,NA,"",-1
2013-07-08,23,18,17,14,13,13,73,61,43,NA,NA,NA,19,16,10,14,11,NA,0,NA,"",-1
2013-07-09,25,21,17,15,14,12,80,62,35,NA,NA,NA,19,12,8,26,6,NA,0,NA,"Thunderstorm",-1
2013-07-10,25,21,17,17,13,11,89,63,33,NA,NA,NA,26,19,14,3,2,NA,2.03,NA,"Thunderstorm",-1
2013-07-11,27,21,17,16,13,9,82,60,25,NA,NA,NA,26,19,11,3,0,NA,6.1,NA,"Rain-Thunderstorm",-1
2013-07-12,27,22,16,16,13,8,77,52,22,NA,NA,NA,31,23,11,0,0,NA,0,NA,"",-1
2013-07-13,28,23,18,19,16,13,83,64,31,NA,NA,NA,31,20,11,13,2,NA,1.02,NA,"Rain-Thunderstorm",-1
2013-07-14,25,21,17,19,16,13,97,81,37,NA,NA,NA,14,12,3,2,0,NA,25.91,8,"Rain-Thunderstorm",-1
2013-07-15,25,19,16,16,12,9,87,55,30,NA,NA,NA,26,17,14,50,6,NA,0,NA,"",-1
2013-07-16,25,21,18,14,12,8,57,45,39,NA,NA,NA,19,16,11,21,11,NA,0,NA,"",-1
2013-07-17,25,20,16,17,14,13,100,65,43,NA,NA,NA,19,15,14,6,2,NA,0,NA,"",-1
2013-07-18,27,21,17,17,15,11,79,64,31,NA,NA,NA,31,21,14,0,0,NA,0,NA,"",-1
2013-07-19,25,22,16,14,13,12,73,58,37,NA,NA,NA,26,21,11,6,0,NA,13.97,NA,"",-1
2013-07-20,26,20,15,14,10,8,55,43,22,NA,NA,NA,31,23,18,2,2,NA,2.03,NA,"",-1
2013-07-21,25,21,18,16,13,11,73,57,30,NA,NA,NA,19,18,14,6,0,NA,0,NA,"",-1
2013-07-22,25,21,17,15,13,11,80,58,33,NA,NA,NA,31,23,11,6,3,NA,0,NA,"",-1
2013-07-23,28,22,17,15,11,5,75,47,16,NA,NA,NA,31,27,19,3,0,NA,0,NA,"",-1
2013-07-24,30,23,19,17,12,10,69,42,23,NA,NA,NA,31,26,11,3,2,NA,0,NA,"",-1
2013-07-25,28,21,20,18,17,14,84,62,32,NA,NA,NA,31,27,19,0,0,NA,0,NA,"",-1
2013-07-26,31,26,21,17,15,13,57,42,27,NA,NA,NA,19,17,11,0,0,NA,0,NA,"",-1
2013-07-27,32,27,22,20,15,9,81,46,16,NA,NA,NA,31,28,19,0,0,NA,0,NA,"",-1
2013-07-28,33,28,24,17,16,16,51,40,26,NA,NA,NA,31,21,14,3,0,NA,0,NA,"",-1
2013-07-29,33,29,25,19,14,12,59,35,23,NA,NA,NA,31,23,11,11,6,NA,0,NA,"",-1
2013-07-30,28,24,20,20,16,11,91,58,31,NA,NA,NA,31,27,19,6,0,NA,0,NA,"",-1
2013-07-31,24,21,17,16,13,9,80,58,32,NA,NA,NA,31,28,19,37,24,NA,0,NA,"",-1
2013-08-01,25,18,17,16,13,11,78,53,31,NA,NA,NA,31,31,31,19,8,NA,0,NA,"",-1
2013-08-02,29,23,18,13,12,12,61,42,24,NA,NA,NA,31,28,19,3,2,NA,0,NA,"",-1
2013-08-03,33,26,20,17,13,11,64,36,17,NA,NA,NA,31,27,19,2,0,NA,0,NA,"",-1
2013-08-04,33,28,24,12,11,11,32,25,17,NA,NA,NA,31,25,19,8,5,NA,0,NA,"",-1
2013-08-05,33,29,25,13,12,11,37,27,16,NA,NA,NA,31,29,26,3,3,NA,0,NA,"",-1
2013-08-06,34,30,26,13,11,10,34,24,15,NA,NA,NA,31,25,14,6,2,NA,0,NA,"",-1
2013-08-07,36,29,24,16,9,2,41,21,6,NA,NA,NA,31,27,26,13,5,NA,0,NA,"",-1
2013-08-08,35,30,26,14,12,8,35,26,12,NA,NA,NA,26,19,14,8,5,NA,0,NA,"",-1
2013-08-09,30,23,22,18,16,14,71,47,31,NA,NA,NA,18,16,11,8,6,NA,1.02,NA,"",-1
2013-08-10,20,17,16,14,13,12,74,66,60,NA,NA,NA,19,16,13,14,6,NA,0,NA,"",-1
2013-08-11,25,20,16,16,14,11,85,61,34,NA,NA,NA,31,21,10,10,6,NA,0,NA,"",-1
2013-08-12,29,22,18,14,13,12,56,46,36,NA,NA,NA,26,20,18,3,2,NA,0,NA,"",-1
2013-08-13,28,NA,28,7,7,7,16,16,16,NA,NA,NA,31,31,31,0,0,NA,0,NA,"",-1
2013-08-14,28,21,20,18,15,13,79,53,29,NA,NA,NA,31,21,14,3,0,NA,0,NA,"",-1
2013-08-15,23,17,16,16,14,12,88,72,40,NA,NA,NA,18,16,14,8,6,NA,0,NA,"",-1
2013-08-16,27,20,16,16,12,6,85,55,19,NA,NA,NA,31,21,10,3,2,NA,0,NA,"",-1
2013-08-17,29,23,18,15,12,7,74,49,17,NA,NA,NA,26,22,18,11,2,NA,0,NA,"",-1
2013-08-18,31,25,20,14,10,3,56,36,10,NA,NA,NA,26,23,19,6,2,NA,0,NA,"",-1
2013-08-19,30,25,20,13,12,10,54,37,19,NA,NA,NA,26,22,18,3,3,NA,0,NA,"",-1
2013-08-20,22,21,19,21,17,16,88,71,60,NA,NA,NA,19,16,8,24,8,NA,2.03,NA,"Rain-Thunderstorm",-1
2013-08-21,21,18,14,13,13,12,87,68,47,NA,NA,NA,19,15,13,23,8,NA,0,NA,"",-1
2013-08-22,25,15,14,14,13,12,93,75,56,NA,NA,NA,11,10,10,3,2,NA,0,NA,"",-1
2013-08-23,26,22,18,16,14,12,79,60,31,NA,NA,NA,10,8,6,2,0,NA,0,NA,"",-1
2013-08-24,27,22,18,14,12,7,64,48,19,NA,NA,NA,19,16,11,6,3,NA,0,NA,"",-1
2013-08-25,21,18,18,16,14,11,71,65,56,NA,NA,NA,19,17,14,11,5,NA,2.03,NA,"Thunderstorm",-1
2013-08-26,25,21,18,16,14,11,78,56,32,NA,NA,NA,31,25,19,19,13,NA,0,NA,"",-1
2013-08-27,26,21,16,16,15,12,89,72,40,NA,NA,NA,18,9,2,11,2,NA,3.05,8,"Rain",-1
2013-08-28,23,19,16,15,11,6,78,52,22,NA,NA,NA,26,18,11,16,8,NA,0,NA,"",-1
2013-08-29,22,18,16,17,15,14,88,78,56,NA,NA,NA,26,20,14,0,0,NA,3.05,NA,"",-1
2013-08-30,23,18,14,15,12,8,90,63,30,NA,NA,NA,23,20,19,2,0,NA,0,NA,"",-1
2013-08-31,22,16,16,12,8,3,76,46,17,NA,NA,NA,19,19,19,0,0,NA,0,NA,"",-1
2013-09-01,24,19,15,12,8,4,56,44,19,NA,NA,NA,31,24,14,3,2,NA,0,NA,"",-1
2013-09-02,24,21,18,15,9,0,64,45,11,NA,NA,NA,19,17,14,3,2,NA,0,NA,"",-1
2013-09-03,23,20,17,13,8,4,67,39,19,NA,NA,NA,31,24,11,11,5,NA,0,NA,"",-1
2013-09-04,25,21,17,9,8,7,41,33,22,NA,NA,NA,31,31,31,13,5,NA,0,NA,"",-1
2013-09-05,28,23,19,11,9,6,43,32,16,NA,NA,NA,31,28,26,3,2,NA,0,NA,"",-1
2013-09-06,26,19,18,13,11,9,65,46,23,NA,NA,NA,31,25,19,2,0,NA,0,NA,"",-1
2013-09-07,27,23,19,14,12,9,62,45,23,NA,NA,NA,26,21,14,8,2,NA,0,NA,"",-1
2013-09-08,31,24,20,14,13,11,61,42,22,NA,NA,NA,23,20,19,3,2,NA,0,NA,"",-1
2013-09-09,23,22,20,17,16,14,76,61,52,NA,NA,NA,19,18,14,21,11,NA,0,8,"",-1
2013-09-10,21,18,16,13,12,9,70,58,36,NA,NA,NA,31,24,19,29,11,NA,8.89,NA,"",-1
2013-09-11,21,17,13,12,11,7,75,59,30,NA,NA,NA,26,20,14,27,11,NA,0,NA,"",-1
2013-09-12,19,17,15,12,10,8,72,57,50,NA,NA,NA,26,19,11,37,27,NA,0,NA,"",-1
2013-09-13,19,16,12,9,7,2,79,51,20,NA,NA,NA,26,21,19,3,2,NA,0,NA,"",-1
2013-09-14,21,17,13,11,8,4,73,52,21,NA,NA,NA,31,26,19,14,3,NA,0,NA,"",-1
2013-09-15,21,17,13,12,9,6,70,53,27,NA,NA,NA,31,23,19,19,5,NA,6.1,NA,"",-1
2013-09-16,22,17,13,14,11,7,98,65,26,NA,NA,NA,31,20,3,13,8,NA,0,8,"Rain-Thunderstorm",-1
2013-09-17,19,16,14,14,12,10,92,70,51,NA,NA,NA,19,15,10,26,19,NA,0,8,"",-1
2013-09-18,21,16,12,12,8,0,88,61,16,NA,NA,NA,31,19,10,19,5,NA,0,NA,"",-1
2013-09-19,23,18,13,12,10,7,73,57,25,NA,NA,NA,31,24,19,16,10,NA,0,NA,"",-1
2013-09-20,19,16,15,16,14,12,100,88,77,NA,NA,NA,19,14,8,6,0,NA,11.94,8,"",-1
2013-09-21,21,18,14,13,11,9,82,62,36,NA,NA,NA,26,23,19,3,0,NA,0,NA,"",-1
2013-09-22,17,14,12,10,7,2,78,57,26,NA,NA,NA,26,20,14,23,8,NA,0,NA,"",-1
2013-09-23,19,14,11,7,7,4,72,53,31,NA,NA,NA,26,20,14,11,3,NA,0,NA,"",-1
2013-09-24,24,19,13,8,3,-2,42,29,10,NA,NA,NA,31,29,26,10,2,NA,0,NA,"",-1
2013-09-25,23,18,13,12,9,7,84,55,25,NA,NA,NA,31,23,14,8,5,NA,0,NA,"",-1
2013-09-26,23,18,13,13,11,4,88,64,20,NA,NA,NA,31,27,19,11,3,NA,0,NA,"",-1
2013-09-27,24,19,15,16,13,8,95,69,28,NA,NA,NA,19,16,14,6,3,NA,0,NA,"",-1
2013-09-28,26,19,14,16,12,7,92,59,23,NA,NA,NA,18,13,8,8,2,NA,0,NA,"",-1
2013-09-29,22,19,17,15,11,7,88,53,27,NA,NA,NA,18,15,10,19,8,NA,5.08,8,"",-1
2013-09-30,19,16,13,14,12,9,90,69,48,NA,NA,NA,26,17,10,37,16,NA,0,8,"Thunderstorm",-1
2013-10-01,16,14,12,14,12,9,95,80,61,NA,NA,NA,18,11,2,6,2,NA,0,8,"",-1
2013-10-02,14,12,12,11,9,8,87,78,68,NA,NA,NA,14,12,10,3,2,NA,0,NA,"",-1
2013-10-03,14,11,8,10,6,1,84,65,32,NA,NA,NA,18,14,10,3,0,NA,0,NA,"",-1
2013-10-04,16,11,8,10,7,5,87,73,45,NA,NA,NA,19,13,8,0,0,NA,0,NA,"",-1
2013-10-05,14,11,10,12,10,8,95,84,79,NA,NA,NA,19,12,3,8,2,NA,16,8,"Rain",-1
2013-10-06,17,13,12,14,12,9,81,77,75,NA,NA,NA,19,11,0,0,0,NA,2.03,NA,"Rain",-1
2013-10-07,20,16,13,16,12,8,88,72,37,NA,NA,NA,26,10,2,0,0,NA,0,8,"Rain",-1
2013-10-08,18,16,13,13,12,11,89,78,58,NA,NA,NA,26,15,10,3,0,NA,0.51,NA,"",-1
2013-10-09,17,12,12,11,11,11,88,80,73,NA,NA,NA,19,15,11,0,0,NA,0.25,NA,"Rain",-1
2013-10-10,18,14,12,9,8,6,78,59,36,NA,NA,NA,31,25,19,8,3,NA,0.51,NA,"",-1
2013-10-11,18,15,13,11,10,8,74,64,57,NA,NA,NA,19,15,11,10,6,NA,0,NA,"Rain",-1
2013-10-12,17,15,14,14,12,11,86,74,66,NA,NA,NA,18,14,10,24,6,NA,5.08,8,"",-1
2013-10-13,22,19,16,16,12,7,88,69,26,NA,NA,NA,31,14,3,0,0,NA,0,NA,"",-1
2013-10-14,20,17,14,16,13,12,90,76,53,NA,NA,NA,26,14,3,0,0,NA,0,NA,"Rain",-1
2013-10-15,18,16,14,8,6,3,53,44,31,NA,NA,NA,26,18,8,0,0,NA,0,8,"",-1
2013-10-16,17,14,14,14,12,11,84,75,70,NA,NA,NA,19,16,10,19,10,NA,0,NA,"",-1
2013-10-17,16,12,9,9,4,-7,87,59,11,NA,NA,NA,31,20,11,8,2,NA,0,NA,"",-1
2013-10-18,21,16,12,6,-1,-9,44,24,9,NA,NA,NA,26,22,14,0,0,NA,0,NA,"",-1
2013-10-19,20,16,13,7,4,2,50,36,24,NA,NA,NA,31,27,19,2,0,NA,0,NA,"",-1
2013-10-20,22,17,12,13,9,7,88,62,31,NA,NA,NA,31,27,19,3,2,NA,0,NA,"",-1
2013-10-21,22,18,14,16,13,11,97,71,40,NA,NA,NA,26,22,18,11,5,NA,0,NA,"",-1
2013-10-22,23,19,15,14,13,10,87,66,35,NA,NA,NA,19,16,14,6,2,NA,0,NA,"",-1
2013-10-23,24,20,16,12,9,7,63,44,25,NA,NA,NA,27,19,10,3,2,NA,0,NA,"",-1
2013-10-24,22,18,15,14,10,8,75,51,38,NA,NA,NA,26,23,19,0,0,NA,0,NA,"",-1
2013-10-25,21,18,14,14,12,11,84,70,41,NA,NA,NA,31,23,19,2,0,NA,0,NA,"",-1
2013-10-26,23,18,14,15,12,7,99,69,27,NA,NA,NA,31,22,14,2,0,NA,0,NA,"",-1
2013-10-27,20,17,14,14,13,13,82,74,57,NA,NA,NA,19,17,14,6,2,NA,0,NA,"",-1
2013-10-28,21,17,13,14,12,11,92,76,47,NA,NA,NA,14,13,11,6,3,NA,0,NA,"",-1
2013-10-29,24,19,15,14,12,9,90,56,29,NA,NA,NA,26,20,14,0,0,NA,0,NA,"",-1
2013-10-30,22,20,14,14,8,6,95,47,26,NA,NA,NA,26,14,2,3,2,NA,0,8,"",-1
2013-10-31,17,14,12,13,11,9,90,75,50,NA,NA,NA,16,10,5,0,0,NA,0,8,"",-1
2013-11-01,18,14,12,12,11,9,93,76,45,NA,NA,NA,11,8,3,0,0,NA,0,NA,"",-1
2013-11-02,18,16,13,12,10,8,88,64,39,NA,NA,NA,14,8,2,3,2,NA,0,NA,"",-1
2013-11-03,18,14,14,12,11,9,83,71,62,NA,NA,NA,18,16,14,27,11,NA,0,NA,"",-1
2013-11-04,17,15,13,9,9,8,63,58,48,NA,NA,NA,31,21,14,16,6,NA,1.02,NA,"",-1
2013-11-05,15,14,11,12,9,7,82,70,47,NA,NA,NA,18,12,3,23,14,NA,6.1,NA,"Rain",-1
2013-11-06,16,11,8,6,3,-2,74,50,24,NA,NA,NA,31,14,2,0,0,NA,0,NA,"",-1
2013-11-07,22,17,14,3,1,-1,33,25,13,NA,NA,NA,31,24,10,6,2,NA,0,NA,"",-1
2013-11-08,18,16,13,11,9,9,75,66,43,NA,NA,NA,31,23,19,26,13,NA,0,NA,"",-1
2013-11-09,17,13,11,12,10,8,99,72,53,NA,NA,NA,31,21,14,13,10,NA,0,NA,"",-1
2013-11-10,14,12,12,8,6,3,75,54,39,NA,NA,NA,26,18,8,37,23,NA,0.51,8,"Rain",-1
2013-11-11,9,8,7,8,7,6,88,83,75,NA,NA,NA,13,8,5,21,11,NA,4.06,8,"Rain",-1
2013-11-12,11,8,7,7,6,5,79,74,69,NA,NA,NA,11,6,3,13,8,NA,7.11,8,"Rain",-1
2013-11-13,11,10,9,9,7,6,92,76,70,NA,NA,NA,8,4,2,11,5,NA,9.91,8,"Rain",-1
2013-11-14,11,10,9,9,9,9,99,96,92,NA,NA,NA,14,12,6,3,2,NA,0,8,"Rain",-1
2013-11-15,14,12,9,11,9,7,99,82,60,NA,NA,NA,19,15,8,14,3,NA,0.51,NA,"",-1
2013-11-16,11,10,9,10,9,7,100,88,67,NA,NA,NA,11,7,3,8,3,NA,1.02,8,"",-1
2013-11-17,11,10,9,9,9,8,97,94,91,NA,NA,NA,6,4,2,0,0,NA,2.03,8,"",-1
2013-11-18,11,9,8,11,9,7,99,95,89,NA,NA,NA,3,2,0,6,0,NA,0,8,"Fog",-1
2013-11-19,11,9,8,11,9,8,100,97,93,NA,NA,NA,11,6,0,8,5,NA,1.02,8,"Fog-Rain",-1
2013-11-20,12,9,8,9,7,6,98,81,59,NA,NA,NA,31,24,14,34,19,NA,0,NA,"Rain",-1
2013-11-21,8,7,6,7,3,1,89,73,50,NA,NA,NA,26,18,10,26,6,NA,1.02,NA,"",-1
2013-11-22,6,6,5,6,5,4,100,96,87,NA,NA,NA,10,5,3,14,11,NA,6.1,8,"Rain",-1
2013-11-23,6,4,3,6,4,3,100,97,92,NA,NA,NA,14,9,3,23,11,NA,2.03,8,"Rain",-1
2013-11-24,6,4,3,5,4,4,100,99,98,NA,NA,NA,14,12,8,14,8,NA,0.51,8,"Rain",-1
2013-11-25,4,3,-1,3,2,-2,100,96,89,NA,NA,NA,14,11,3,34,10,NA,3.05,8,"Rain-Snow",-1
2013-11-26,-2,-3,-3,-3,-3,-3,94,92,89,NA,NA,NA,8,4,0,40,26,NA,6.1,8,"Snow",-1
2013-11-27,-1,-2,-4,-2,-3,-4,89,87,85,NA,NA,NA,11,7,2,8,5,NA,0.76,8,"Snow",-1
2013-11-28,-1,-1,-2,-1,-2,-3,100,92,84,NA,NA,NA,3,2,0,0,0,NA,1.02,8,"Snow",-1
2013-11-29,3,1,0,2,1,-1,94,92,91,NA,NA,NA,6,2,0,0,0,NA,0,8,"Fog",-1
2013-11-30,6,4,2,6,3,2,98,92,83,NA,NA,NA,19,16,11,16,2,NA,0,8,"",-1
2013-12-01,5,4,4,3,3,2,86,83,79,NA,NA,NA,3,2,0,40,29,NA,0,8,"",-1
2013-12-02,10,7,6,8,6,3,81,81,80,NA,NA,NA,5,2,0,23,6,NA,0,8,"",-1
2013-12-03,6,5,4,4,2,1,91,80,66,NA,NA,NA,11,8,3,29,18,NA,0,8,"",-1
2013-12-04,9,5,2,1,-1,-1,80,62,42,NA,NA,NA,19,14,10,0,0,NA,0,NA,"",-1
2013-12-05,12,9,7,-2,-7,-13,42,24,12,NA,NA,NA,26,24,19,2,0,NA,0,NA,"",-1
2013-12-06,9,6,3,2,1,-1,72,59,43,NA,NA,NA,26,20,14,19,14,NA,0,NA,"",-1
2013-12-07,8,7,4,4,2,1,82,73,65,NA,NA,NA,14,13,11,10,3,NA,0,NA,"",-1
2013-12-08,11,8,5,3,2,1,72,63,45,NA,NA,NA,19,15,10,8,2,NA,0,NA,"",-1
2013-12-09,11,8,6,6,4,1,79,69,56,NA,NA,NA,26,15,10,8,2,NA,0,NA,"",-1
2013-12-10,10,8,5,6,4,2,98,85,48,NA,NA,NA,26,18,6,3,0,NA,0,NA,"",-1
2013-12-11,10,6,4,6,4,2,95,86,63,NA,NA,NA,10,5,2,3,2,NA,0,8,"",-1
2013-12-12,9,5,2,4,3,1,95,82,64,NA,NA,NA,26,8,0,0,0,NA,0,NA,"Fog",-1
2013-12-13,9,7,4,4,3,3,94,81,57,NA,NA,NA,10,5,0,0,0,NA,0,NA,"Fog",-1
2013-12-14,10,7,3,4,2,0,89,68,40,NA,NA,NA,19,14,10,0,0,NA,0,NA,"",-1
2013-12-15,7,6,4,4,2,1,94,72,61,NA,NA,NA,19,16,6,6,2,NA,0,8,"",-1
2013-12-16,8,6,3,2,-2,-7,87,53,28,NA,NA,NA,19,14,6,3,3,NA,0,NA,"",-1
2013-12-17,10,7,3,-4,-8,-10,40,23,13,NA,NA,NA,31,26,19,3,2,NA,0,NA,"",-1
2013-12-18,12,9,5,-3,-8,-11,41,21,13,NA,NA,NA,31,27,19,0,0,NA,0,NA,"",-1
2013-12-19,10,7,3,3,0,-2,80,60,40,NA,NA,NA,26,20,10,3,2,NA,0,NA,"",-1
2013-12-20,11,8,4,8,4,2,96,78,51,NA,NA,NA,19,14,10,3,2,NA,0,NA,"",-1
2013-12-21,10,8,6,7,6,3,95,82,59,NA,NA,NA,18,12,8,3,0,NA,0,NA,"",-1
2013-12-22,11,8,5,3,2,1,68,62,54,NA,NA,NA,31,25,14,0,0,NA,0,NA,"",-1
2013-12-23,10,8,5,3,2,0,78,64,51,NA,NA,NA,26,22,19,3,0,NA,0,NA,"",-1
2013-12-24,10,7,3,3,2,1,100,70,37,NA,NA,NA,31,20,14,3,0,NA,0,NA,"",-1
2013-12-25,8,7,4,7,4,1,92,79,66,NA,NA,NA,19,16,14,21,5,NA,0,8,"",-1
2013-12-26,8,6,4,7,5,2,99,89,76,NA,NA,NA,14,9,6,32,24,NA,6.1,8,"Rain",-1
2013-12-27,6,5,4,3,2,1,95,75,61,NA,NA,NA,16,14,11,14,6,NA,1.02,8,"Rain",-1
2013-12-28,12,7,3,4,3,2,96,75,47,NA,NA,NA,31,22,10,6,0,NA,0,NA,"",-1
2013-12-29,11,8,6,8,5,4,97,78,59,NA,NA,NA,26,17,10,14,6,NA,0,8,"",-1
2013-12-30,7,7,5,7,6,3,99,93,84,NA,NA,NA,14,4,0,3,0,NA,2.03,8,"Rain",-1
2013-12-31,4,4,3,3,2,1,81,80,78,NA,NA,NA,5,2,0,19,10,NA,0,8,"Fog-Rain",-1
2014-01-01,6,4,3,5,4,2,91,89,87,NA,NA,NA,10,5,0,0,0,NA,0,8,"Fog",-1
2014-01-02,9,7,4,5,3,-1,92,76,42,NA,NA,NA,19,11,0,19,3,NA,0,NA,"Fog",-1
2014-01-03,10,8,6,7,5,3,94,80,56,NA,NA,NA,31,23,18,8,2,NA,0,NA,"",-1
2014-01-04,9,7,6,8,7,6,97,91,81,NA,NA,NA,26,14,3,32,6,NA,0.25,8,"Rain",-1
2014-01-05,9,7,4,7,4,1,87,77,69,NA,NA,NA,14,10,6,27,16,NA,1.02,8,"Rain",-1
2014-01-06,6,4,3,6,4,1,99,92,81,NA,NA,NA,14,6,0,3,0,NA,0.25,8,"Fog-Rain",-1
2014-01-07,12,9,5,8,6,4,99,81,53,NA,NA,NA,19,16,14,0,0,NA,0,8,"",-1
2014-01-08,14,10,7,8,6,3,100,77,52,NA,NA,NA,31,15,0,0,0,NA,0,8,"Fog",-1
2014-01-09,11,8,4,7,6,5,100,92,69,NA,NA,NA,26,9,0,0,0,NA,0,8,"Fog",-1
2014-01-10,11,8,5,7,6,4,98,85,69,NA,NA,NA,18,13,8,14,6,NA,0,NA,"",-1
2014-01-11,12,9,6,7,6,4,95,77,56,NA,NA,NA,14,10,6,0,0,NA,0,NA,"",-1
2014-01-12,8,7,6,7,7,6,100,95,85,NA,NA,NA,8,5,2,0,0,NA,0,8,"",-1
2014-01-13,12,9,6,7,6,4,98,84,59,NA,NA,NA,11,7,3,0,0,NA,0,8,"",-1
2014-01-14,8,7,6,7,6,4,97,87,80,NA,NA,NA,14,10,5,16,5,NA,0,8,"Rain",-1
2014-01-15,10,8,6,6,4,2,99,82,48,NA,NA,NA,31,20,3,6,2,NA,0,8,"",-1
2014-01-16,10,7,4,5,3,1,100,70,43,NA,NA,NA,26,17,3,10,2,NA,0,8,"",-1
2014-01-17,10,8,6,8,5,3,83,71,60,NA,NA,NA,19,16,10,14,10,NA,0,NA,"",-1
2014-01-18,12,10,9,6,4,3,72,62,42,NA,NA,NA,31,15,10,23,3,NA,0,NA,"",-1
2014-01-19,12,11,9,10,8,3,100,74,39,NA,NA,NA,14,10,3,32,16,NA,0.76,8,"Rain",-1
2014-01-20,9,7,5,8,6,3,100,85,57,NA,NA,NA,14,7,2,13,6,NA,18.03,8,"Rain",-1
2014-01-21,7,6,5,6,5,3,97,90,75,NA,NA,NA,19,12,3,11,2,NA,0.51,8,"Rain",-1
2014-01-22,10,8,6,5,4,2,94,75,50,NA,NA,NA,26,17,10,14,6,NA,0,8,"Rain",-1
2014-01-23,8,6,4,6,3,1,91,77,62,NA,NA,NA,31,15,10,3,2,NA,0,8,"Rain",-1
2014-01-24,8,6,2,7,4,2,99,94,85,NA,NA,NA,14,10,2,10,5,NA,6.1,8,"Rain",-1
2014-01-25,4,2,-1,2,0,-2,100,93,84,NA,NA,NA,8,2,0,60,31,NA,0.76,8,"Rain-Snow",-1
2014-01-26,1,0,-1,0,-2,-6,93,74,49,NA,NA,NA,19,13,0,11,2,NA,0.25,8,"Snow",-1
2014-01-27,4,2,-1,3,-6,-12,100,50,21,NA,NA,NA,19,13,0,3,3,NA,2.03,8,"Fog-Rain",-1
2014-01-28,7,4,1,2,1,-3,100,82,37,NA,NA,NA,14,11,6,3,2,NA,0,NA,"",-1
2014-01-29,7,3,0,4,-3,-9,100,60,27,NA,NA,NA,26,17,3,6,3,NA,1.02,8,"Rain",-1
2014-01-30,11,7,3,4,2,0,93,66,36,NA,NA,NA,26,16,5,16,10,NA,0.51,8,"Rain",-1
2014-01-31,11,9,7,9,7,4,98,82,61,NA,NA,NA,19,13,0,14,5,NA,7.11,8,"Rain",-1
2014-02-01,9,9,8,9,8,6,97,90,75,NA,NA,NA,14,9,5,10,6,NA,1.02,8,"Rain",-1
2014-02-02,8,8,7,8,6,4,92,84,78,NA,NA,NA,14,2,0,2,0,NA,5.08,8,"Fog-Rain",-1
2014-02-03,8,7,6,8,7,6,100,97,92,NA,NA,NA,0,0,0,0,0,NA,5.08,NA,"Fog-Rain",-1
2014-02-04,7,6,6,7,6,4,99,96,88,NA,NA,NA,19,5,0,0,0,NA,0,8,"Fog",-1
2014-02-05,8,7,5,4,4,3,96,91,86,NA,NA,NA,11,11,11,0,0,NA,0,8,"",-1
2014-02-06,6,4,3,4,3,2,100,91,72,NA,NA,NA,26,11,6,8,3,NA,0,8,"Rain",-1
2014-02-07,12,8,4,5,1,-3,86,58,26,NA,NA,NA,19,12,8,3,0,NA,0,NA,"",-1
2014-02-08,11,9,6,7,3,1,90,69,56,NA,NA,NA,26,17,11,3,3,NA,0,8,"",-1
2014-02-09,8,7,5,7,4,1,99,79,58,NA,NA,NA,19,13,8,14,10,NA,0,8,"Rain",-1
2014-02-10,11,8,6,7,4,-1,97,68,51,NA,NA,NA,19,16,8,13,5,NA,0,8,"",-1
2014-02-11,14,11,7,8,6,3,100,73,35,NA,NA,NA,18,12,0,8,5,NA,8.89,8,"Rain",-1
2014-02-12,10,7,4,7,4,3,100,93,62,NA,NA,NA,31,9,0,3,0,NA,5.08,8,"Rain",-1
2014-02-13,10,6,2,3,1,-3,100,69,28,NA,NA,NA,26,20,14,13,3,NA,0,NA,"",-1
2014-02-14,10,8,5,7,4,0,85,74,51,NA,NA,NA,26,21,8,37,21,NA,0,NA,"",-1
2014-02-15,16,11,6,7,4,-4,88,54,32,NA,NA,NA,26,23,19,8,2,NA,0,NA,"",-1
2014-02-16,16,13,11,10,8,7,76,67,53,NA,NA,NA,26,21,14,10,3,NA,0,NA,"",-1
2014-02-17,11,11,10,8,6,2,76,64,42,NA,NA,NA,19,16,11,16,5,NA,0,NA,"",-1
2014-02-18,NA,NA,NA,NA,NA,NA,NA,NA,NA,NA,NA,NA,19,18,14,11,6,NA,0,8,"",-1
2014-02-19,NA,NA,NA,NA,NA,NA,NA,NA,NA,NA,NA,NA,26,18,14,6,3,NA,0,NA,"",-1
2014-02-20,NA,NA,NA,NA,NA,NA,NA,NA,NA,NA,NA,NA,6,5,3,6,3,NA,0.51,8,"Rain",-1
2014-02-21,NA,NA,NA,NA,NA,NA,NA,NA,NA,NA,NA,NA,10,6,3,2,0,NA,1.02,8,"Rain",-1
2014-02-22,NA,NA,NA,NA,NA,NA,NA,NA,NA,NA,NA,NA,14,12,10,3,2,NA,0.25,NA,"",-1
2014-02-23,NA,NA,NA,NA,NA,NA,NA,NA,NA,NA,NA,NA,19,16,14,16,2,NA,0,NA,"Rain",-1
2014-02-24,NA,NA,NA,NA,NA,NA,NA,NA,NA,NA,NA,NA,19,18,13,3,0,NA,0,8,"Rain",-1
2014-02-25,NA,NA,NA,NA,NA,NA,NA,NA,NA,NA,NA,NA,31,24,19,2,0,NA,0,NA,"",-1
2014-02-26,NA,NA,NA,NA,NA,NA,NA,NA,NA,NA,NA,NA,26,19,14,6,2,NA,0,8,"",-1
2014-02-27,NA,NA,NA,NA,NA,NA,NA,NA,NA,NA,NA,NA,26,18,11,3,0,NA,0,8,"Rain",-1
2014-02-28,NA,NA,NA,NA,NA,NA,NA,NA,NA,NA,NA,NA,26,20,14,11,3,NA,0,NA,"",-1
2014-03-01,NA,NA,NA,NA,NA,NA,NA,NA,NA,NA,NA,NA,19,11,5,16,5,NA,5.08,8,"Rain",-1
2014-03-02,NA,NA,NA,NA,NA,NA,NA,NA,NA,NA,NA,NA,31,20,6,2,0,NA,0.25,8,"Rain",-1
2014-03-03,10,7,7,3,2,2,66,56,46,NA,NA,NA,26,20,11,3,0,NA,0,NA,"",-1
2014-03-04,8,6,3,4,3,1,100,82,62,NA,NA,NA,26,15,6,3,3,NA,4.06,8,"Rain",-1
2014-03-05,7,5,3,6,4,3,100,97,86,NA,NA,NA,31,15,5,3,0,NA,3.05,8,"Rain",-1
2014-03-06,6,4,2,5,3,2,99,95,85,NA,NA,NA,19,12,5,6,2,NA,0.25,8,"Rain",-1
2014-03-07,6,6,4,6,5,4,99,95,93,NA,NA,NA,10,5,3,3,2,NA,1.02,8,"Rain",-1
2014-03-08,5,4,4,4,4,3,98,96,92,NA,NA,NA,11,11,10,0,0,NA,0,NA,"",-1
2014-03-09,6,6,5,5,4,1,98,86,66,NA,NA,NA,19,10,3,8,3,NA,0,8,"",-1
2014-03-10,6,5,4,6,5,4,100,98,94,NA,NA,NA,16,12,8,10,6,NA,3.05,8,"Rain",-1
2014-03-11,4,3,3,4,3,2,100,93,83,NA,NA,NA,19,11,3,8,3,NA,1.02,8,"Rain",-1
2014-03-12,10,7,3,3,1,-2,77,59,32,NA,NA,NA,31,25,19,3,0,NA,0,NA,"",-1
2014-03-13,14,10,5,2,-1,-3,71,43,21,NA,NA,NA,31,22,14,2,0,NA,0,NA,"",-1
2014-03-14,13,9,6,4,0,-3,64,41,28,NA,NA,NA,31,20,11,8,2,NA,0,NA,"",-1
2014-03-15,17,12,8,7,4,2,74,53,26,NA,NA,NA,19,16,14,8,3,NA,0,NA,"",-1
2014-03-16,17,12,7,8,7,6,92,63,42,NA,NA,NA,19,17,14,3,0,NA,0,NA,"",-1
2014-03-17,20,16,11,12,8,2,98,56,34,NA,NA,NA,31,20,8,10,2,NA,0,NA,"",-1
2014-03-18,19,15,11,11,8,3,99,62,25,NA,NA,NA,23,16,6,10,3,NA,0,NA,"",-1
2014-03-19,18,14,9,12,7,4,99,61,35,NA,NA,NA,31,19,11,10,5,NA,0,NA,"",-1
2014-03-20,17,13,9,11,8,2,95,71,40,NA,NA,NA,19,15,10,3,0,NA,0,NA,"",-1
2014-03-21,19,14,10,9,7,4,82,58,26,NA,NA,NA,26,20,18,3,0,NA,0,NA,"",-1
2014-03-22,15,12,9,9,8,7,85,73,60,NA,NA,NA,26,21,10,26,5,NA,0,NA,"",-1
2014-03-23,11,10,7,11,8,5,100,87,63,NA,NA,NA,14,9,2,27,6,NA,0,8,"Rain-Thunderstorm",-1
2014-03-24,7,5,3,4,3,2,100,85,61,NA,NA,NA,18,12,6,23,6,NA,0.25,8,"Rain",-1
2014-03-25,9,6,3,3,1,-3,100,72,30,NA,NA,NA,26,18,11,14,2,NA,0.76,8,"Rain",-1
2014-03-26,10,6,2,7,4,2,100,83,44,NA,NA,NA,31,12,0,3,0,NA,1.02,8,"Rain",-1
2014-03-27,9,7,5,6,5,3,100,94,77,NA,NA,NA,11,6,0,13,3,NA,1.02,8,"Fog-Rain",-1
2014-03-28,8,6,4,7,6,4,98,91,76,NA,NA,NA,14,12,10,6,2,NA,0,8,"",-1
2014-03-29,14,10,6,6,4,2,98,60,35,NA,NA,NA,26,17,11,6,3,NA,0,NA,"",-1
2014-03-30,17,12,8,8,4,2,79,49,25,NA,NA,NA,31,25,18,6,2,NA,0,NA,"",-1
2014-03-31,17,13,9,9,7,4,71,55,35,NA,NA,NA,26,20,13,3,0,NA,0,NA,"",-1
2014-04-01,18,14,10,11,6,-2,94,57,15,NA,NA,NA,14,13,10,19,3,NA,0,NA,"",-1
2014-04-02,17,12,7,11,9,7,99,83,56,NA,NA,NA,19,13,10,8,2,NA,0,NA,"",-1
2014-04-03,17,13,9,13,8,-3,100,74,14,NA,NA,NA,31,17,6,8,3,NA,0,8,"",-1
2014-04-04,15,12,10,11,8,6,100,78,50,NA,NA,NA,26,13,8,8,2,NA,6.1,8,"Rain",-1
2014-04-05,13,10,8,11,8,7,100,88,63,NA,NA,NA,31,14,10,3,2,NA,4.06,8,"Rain",-1
2014-04-06,14,11,7,9,8,7,100,83,58,NA,NA,NA,26,18,10,11,5,NA,0,8,"Rain",-1
2014-04-07,16,12,9,9,8,6,85,68,54,NA,NA,NA,18,13,11,13,5,NA,0,NA,"",-1
2014-04-08,21,17,12,13,9,5,85,56,27,NA,NA,NA,26,19,11,6,2,NA,0,NA,"",-1
2014-04-09,15,12,7,13,10,7,100,90,71,NA,NA,NA,23,11,3,11,3,NA,13.97,8,"Rain-Thunderstorm",-1
2014-04-10,14,10,5,6,-1,-8,79,46,11,NA,NA,NA,31,28,19,10,3,NA,0,NA,"",-1
2014-04-11,14,12,9,11,8,5,86,72,62,NA,NA,NA,26,16,10,3,2,NA,0,8,"",-1
2014-04-12,14,11,8,10,9,8,100,89,60,NA,NA,NA,18,10,5,3,2,NA,42.93,8,"Rain",-1
2014-04-13,13,10,7,9,8,7,100,86,58,NA,NA,NA,26,14,2,6,2,NA,0.76,8,"Rain",-1
2014-04-14,17,12,7,8,4,-1,100,53,17,NA,NA,NA,31,20,14,3,2,NA,0,NA,"",-1
2014-04-15,13,7,1,8,4,1,100,81,62,NA,NA,NA,31,14,2,8,5,NA,23.11,8,"Rain",-1
2014-04-16,5,3,2,3,2,0,100,88,62,NA,NA,NA,14,8,5,14,3,NA,1.02,8,"Rain",-1
2014-04-17,3,2,1,3,2,0,100,91,72,NA,NA,NA,18,9,2,23,6,NA,4.06,8,"Rain-Snow",-1
2014-04-18,10,6,1,6,3,2,100,82,53,NA,NA,NA,19,15,8,6,3,NA,0,8,"Rain",-1
2014-04-19,9,8,6,9,6,3,99,81,56,NA,NA,NA,26,16,11,19,3,NA,1.02,NA,"Rain",-1
2014-04-20,14,11,7,10,8,5,100,82,62,NA,NA,NA,18,13,3,19,5,NA,0.76,8,"Rain",-1
2014-04-21,18,13,8,14,9,6,91,71,49,NA,NA,NA,19,15,10,8,2,NA,0,NA,"",-1
2014-04-22,18,13,8,14,12,10,100,86,57,NA,NA,NA,31,15,5,3,2,NA,0,8,"Rain",-1
2014-04-23,11,9,8,11,9,8,100,99,96,NA,NA,NA,6,5,3,29,5,NA,10.92,8,"Rain",-1
2014-04-24,11,9,8,11,9,7,99,95,87,NA,NA,NA,18,12,5,14,3,NA,0.25,8,"Rain",-1
2014-04-25,17,13,9,14,11,8,97,80,56,NA,NA,NA,31,17,8,3,0,NA,0.25,8,"Rain",-1
2014-04-26,15,12,10,12,11,9,97,90,73,NA,NA,NA,31,13,5,3,2,NA,0,8,"",-1
2014-04-27,16,12,8,12,10,8,100,92,70,NA,NA,NA,26,14,3,10,3,NA,4.06,8,"Rain",-1
2014-04-28,15,11,6,10,8,6,100,79,49,NA,NA,NA,26,19,11,13,6,NA,0,NA,"",-1
2014-04-29,12,10,8,10,8,6,100,90,82,NA,NA,NA,18,14,10,8,3,NA,2.03,NA,"Rain",-1
2014-04-30,16,12,8,10,9,8,99,80,49,NA,NA,NA,19,16,11,23,3,NA,0,8,"",-1
2014-05-01,14,11,7,11,9,7,100,88,70,NA,NA,NA,26,16,11,14,6,NA,0,8,"Rain",-1
2014-05-02,14,12,9,10,9,8,100,84,60,NA,NA,NA,31,23,14,3,2,NA,3.05,8,"",-1
2014-05-03,13,10,6,9,7,4,100,80,46,NA,NA,NA,26,15,3,6,2,NA,0,8,"Rain-Thunderstorm",-1
2014-05-04,7,6,5,7,6,6,100,98,92,NA,NA,NA,14,10,2,27,8,NA,0.76,8,"Rain",-1
2014-05-05,13,9,5,9,6,3,100,76,47,NA,NA,NA,26,18,14,23,14,NA,0,NA,"",-1
2014-05-06,19,14,8,12,8,6,100,67,28,NA,NA,NA,19,18,14,0,0,NA,0,NA,"",-1
2014-05-07,19,16,11,13,11,8,95,70,41,NA,NA,NA,23,17,14,8,2,NA,0,NA,"",-1
2014-05-08,18,14,10,12,10,8,96,79,57,NA,NA,NA,23,17,11,6,2,NA,0,NA,"",-1
2014-05-09,20,14,9,11,8,4,100,58,27,NA,NA,NA,31,23,10,0,0,NA,0,NA,"",-1
2014-05-10,24,19,13,16,13,8,96,71,27,NA,NA,NA,26,21,14,0,0,NA,0,NA,"",-1
2014-05-11,22,17,13,15,12,10,98,71,39,NA,NA,NA,31,22,19,11,3,NA,0,8,"",-1
2014-05-12,20,17,13,13,12,11,88,70,47,NA,NA,NA,26,19,14,19,13,NA,0,8,"",-1
2014-05-13,18,14,12,14,10,6,98,71,46,NA,NA,NA,19,17,10,14,6,NA,0,8,"",-1
2014-05-14,10,7,4,7,4,2,100,81,44,NA,NA,NA,31,12,2,23,8,NA,5.08,8,"Rain",-1
2014-05-15,12,9,6,5,3,-1,87,60,29,NA,NA,NA,26,19,14,47,11,NA,0,8,"",-1
2014-05-16,8,7,6,7,6,5,99,93,85,NA,NA,NA,31,18,11,19,8,NA,2.03,8,"Rain",-1
2014-05-17,12,9,6,9,7,6,96,85,74,NA,NA,NA,26,16,10,6,0,NA,2.03,8,"Rain",-1
2014-05-18,18,13,8,8,6,2,94,59,25,NA,NA,NA,31,26,19,8,2,NA,0,NA,"",-1
2014-05-19,19,16,12,13,7,0,100,55,30,NA,NA,NA,31,21,11,8,2,NA,0.51,8,"Rain",-1
2014-05-20,21,16,11,16,13,11,97,81,53,NA,NA,NA,26,19,11,3,0,NA,0,NA,"",-1
2014-05-21,23,18,13,14,13,12,97,68,44,NA,NA,NA,31,27,19,8,0,NA,0,NA,"",-1
2014-05-22,26,21,16,17,16,13,86,66,45,NA,NA,NA,31,21,14,3,0,NA,0,NA,"",-1
2014-05-23,21,19,17,17,15,12,94,74,60,NA,NA,NA,18,14,11,10,5,NA,0,8,"",-1
2014-05-24,23,19,15,26,17,15,100,80,59,NA,NA,NA,26,19,14,8,2,NA,0,NA,"",-1
2014-05-25,21,18,14,18,16,14,100,91,73,NA,NA,NA,19,12,0,3,0,NA,13.97,8,"Fog-Rain-Thunderstorm",-1
2014-05-26,22,18,13,14,13,10,100,72,49,NA,NA,NA,26,20,14,8,2,NA,0,8,"Rain",-1
2014-05-27,19,16,12,13,11,9,99,72,57,NA,NA,NA,26,20,14,16,6,NA,0,NA,"",-1
2014-05-28,19,14,10,11,8,5,82,60,29,NA,NA,NA,26,23,18,37,19,NA,0,NA,"",-1
2014-05-29,17,13,10,13,10,8,95,76,55,NA,NA,NA,19,18,14,10,3,NA,2.03,8,"Rain",-1
2014-05-30,19,16,12,13,12,11,100,91,62,NA,NA,NA,31,17,6,8,0,NA,2.03,8,"Rain-Thunderstorm",-1
2014-05-31,15,12,9,12,11,8,96,90,65,NA,NA,NA,26,17,3,8,2,NA,6.1,8,"Rain",-1
2014-06-01,15,12,8,11,8,6,99,73,47,NA,NA,NA,19,16,14,23,6,NA,0,NA,"",-1
2014-06-02,18,14,10,11,9,8,99,75,49,NA,NA,NA,31,27,19,8,2,NA,0,NA,"",-1
2014-06-03,20,16,11,8,7,6,66,49,33,NA,NA,NA,31,24,14,13,3,NA,0,NA,"",-1
2014-06-04,22,18,13,14,10,7,73,52,30,NA,NA,NA,26,19,14,13,8,NA,0,NA,"",-1
2014-06-05,24,19,14,17,13,11,93,59,39,NA,NA,NA,31,22,14,16,11,NA,0,NA,"",-1
2014-06-06,24,20,15,16,15,14,99,66,41,NA,NA,NA,31,22,14,14,6,NA,0,NA,"",-1
2014-06-07,25,21,17,17,16,14,80,64,44,NA,NA,NA,31,26,19,14,6,NA,0,NA,"",-1
2014-06-08,24,21,18,16,15,13,80,61,46,NA,NA,NA,31,27,14,23,13,NA,0,NA,"",-1
2014-06-09,27,23,18,18,15,12,60,52,46,NA,NA,NA,31,23,14,19,11,NA,0,NA,"",-1
2014-06-10,27,23,20,18,17,15,82,59,43,NA,NA,NA,31,24,19,19,10,NA,0,NA,"",-1
2014-06-11,29,24,20,18,17,14,61,54,37,NA,NA,NA,31,22,18,13,8,NA,0,NA,"",-1
2014-06-12,27,24,21,18,17,16,62,55,43,NA,NA,NA,31,27,19,14,10,NA,0,NA,"",-1
2014-06-13,26,23,19,19,18,16,97,72,58,NA,NA,NA,31,20,10,11,6,NA,4.06,NA,"Rain",-1
2014-06-14,24,20,16,21,17,13,98,85,56,NA,NA,NA,19,11,3,13,8,NA,8.89,8,"Rain-Thunderstorm",-1
2014-06-15,22,18,14,16,15,14,98,88,60,NA,NA,NA,26,11,0,19,5,NA,5.08,8,"Fog-Rain-Thunderstorm",-1
2014-06-16,14,14,13,14,13,13,100,98,94,NA,NA,NA,14,6,0,24,6,NA,20.07,8,"Fog-Rain-Thunderstorm",-1
2014-06-17,18,16,12,17,14,12,97,93,83,NA,NA,NA,14,7,2,8,3,NA,3.05,8,"Rain-Thunderstorm",-1
2014-06-18,17,14,13,16,13,12,97,94,91,NA,NA,NA,10,7,2,19,3,NA,27.94,8,"Rain-Thunderstorm",-1
2014-06-19,18,16,12,14,13,12,97,87,67,NA,NA,NA,31,17,8,19,6,NA,5.08,8,"",-1
2014-06-20,23,18,13,17,11,8,92,53,29,NA,NA,NA,31,23,18,23,11,NA,0,NA,"",-1
2014-06-21,23,19,14,18,16,10,96,76,32,NA,NA,NA,23,18,14,19,10,NA,0,NA,"",-1
2014-06-22,26,21,16,20,18,16,100,78,45,NA,NA,NA,31,22,14,14,6,NA,0,NA,"",-1
2014-06-23,28,23,18,19,17,16,97,67,40,NA,NA,NA,31,21,11,16,5,NA,0.51,NA,"Rain",-1
2014-06-24,27,24,21,14,11,8,54,34,21,NA,NA,NA,26,19,11,35,18,NA,0,NA,"",-1
2014-06-25,24,22,19,20,18,16,100,76,54,NA,NA,NA,18,13,10,34,21,NA,0,NA,"Rain",-1
2014-06-26,24,20,17,18,16,15,92,77,47,NA,NA,NA,31,21,11,23,13,NA,0.51,8,"Rain",-1
2014-06-27,22,19,16,18,17,16,98,83,65,NA,NA,NA,31,24,19,8,2,NA,0,8,"",-1
2014-06-28,26,21,17,19,18,17,100,77,46,NA,NA,NA,26,23,10,19,6,NA,0,NA,"",-1
2014-06-29,26,22,18,19,17,11,95,69,38,NA,NA,NA,31,19,10,19,11,NA,0,NA,"",-1
2014-06-30,23,21,18,19,16,10,100,70,38,NA,NA,NA,31,22,11,35,18,NA,0,NA,"Rain",-1
2014-07-01,23,19,15,17,16,13,100,77,42,NA,NA,NA,18,12,0,13,3,NA,0,NA,"Fog",-1
2014-07-02,26,21,17,18,14,6,99,62,19,NA,NA,NA,31,25,19,10,5,NA,0,NA,"",-1
2014-07-03,26,22,18,21,18,14,98,75,59,NA,NA,NA,31,23,18,10,6,NA,0,NA,"",-1
2014-07-04,27,22,17,19,18,18,99,75,50,NA,NA,NA,19,18,14,11,5,NA,0,NA,"",-1
2014-07-05,27,24,22,18,16,12,67,52,41,NA,NA,NA,26,20,10,19,10,NA,0,NA,"",-1
2014-07-06,27,23,19,19,18,18,97,72,52,NA,NA,NA,26,19,14,8,3,NA,0,NA,"",-1
2014-07-07,29,23,18,21,19,17,100,73,50,NA,NA,NA,31,20,14,13,6,NA,0,NA,"",-1
2014-07-08,25,22,17,18,16,11,69,60,56,NA,NA,NA,19,18,11,47,18,NA,0,NA,"",-1
2014-07-09,22,18,14,16,14,12,88,68,50,NA,NA,NA,26,22,11,40,26,NA,0,NA,"",-1
2014-07-10,17,16,13,15,13,12,98,85,75,NA,NA,NA,26,15,8,55,32,NA,0.76,8,"Rain-Thunderstorm",-1
2014-07-11,20,16,12,16,14,12,99,82,54,NA,NA,NA,26,18,6,11,5,NA,2.03,NA,"Rain",-1
2014-07-12,23,19,14,17,16,14,99,80,52,NA,NA,NA,31,23,8,14,10,NA,0,NA,"",-1
2014-07-13,21,18,15,16,14,13,100,79,56,NA,NA,NA,26,18,8,27,14,NA,0,NA,"Rain",-1
2014-07-14,21,18,14,17,15,14,98,88,62,NA,NA,NA,23,19,11,19,14,NA,0.51,NA,"Rain-Thunderstorm",-1
2014-07-15,20,17,13,17,15,13,97,84,67,NA,NA,NA,31,17,8,27,14,NA,0,8,"",-1
2014-07-16,23,20,16,17,16,14,97,71,52,NA,NA,NA,31,26,18,26,18,NA,0,NA,"",-1
2014-07-17,25,21,17,18,16,14,79,65,40,NA,NA,NA,26,20,14,23,13,NA,0,NA,"",-1
2014-07-18,25,21,18,17,16,14,92,62,44,NA,NA,NA,19,18,11,23,16,NA,0,NA,"",-1
2014-07-19,27,22,18,18,16,14,81,62,44,NA,NA,NA,26,20,11,19,14,NA,0,NA,"",-1
2014-07-20,32,26,20,19,16,11,83,54,19,NA,NA,NA,31,24,19,21,6,NA,0,NA,"",-1
2014-07-21,24,22,18,21,17,16,83,72,61,NA,NA,NA,26,18,8,66,23,NA,0.51,8,"",-1
2014-07-22,21,18,14,16,15,14,100,92,69,NA,NA,NA,26,15,3,13,10,NA,17.02,8,"Rain",-1
2014-07-23,22,18,14,14,13,12,94,68,43,NA,NA,NA,31,23,10,11,8,NA,0,NA,"",-1
2014-07-24,25,21,17,20,18,15,95,83,62,NA,NA,NA,26,16,10,14,5,NA,0.25,NA,"Thunderstorm",-1
2014-07-25,27,22,17,21,18,16,99,80,43,NA,NA,NA,31,21,19,14,8,NA,0,NA,"",-1
2014-07-26,22,20,18,20,18,14,98,86,61,NA,NA,NA,31,19,10,14,3,NA,3.05,8,"Rain-Thunderstorm",-1
2014-07-27,19,17,16,18,17,16,100,98,94,NA,NA,NA,14,7,2,11,6,NA,25.91,8,"Rain-Thunderstorm",-1
2014-07-28,25,20,15,19,17,16,98,82,54,NA,NA,NA,26,20,10,14,3,NA,0,NA,"",-1
2014-07-29,26,22,18,19,18,16,99,76,57,NA,NA,NA,26,18,10,21,10,NA,0,NA,"",-1
2014-07-30,21,19,16,19,16,13,98,75,60,NA,NA,NA,31,21,10,24,18,NA,0,NA,"",-1
2014-07-31,23,18,14,19,17,14,98,88,62,NA,NA,NA,31,24,11,21,10,NA,0,NA,"",-1
2014-08-01,23,20,17,20,18,17,99,86,68,NA,NA,NA,31,28,19,13,8,NA,0,NA,"",-1
2014-08-02,27,23,19,22,20,18,99,80,50,NA,NA,NA,31,23,10,10,5,NA,0,NA,"",-1
2014-08-03,27,23,19,20,18,16,98,72,38,NA,NA,NA,26,18,10,14,8,NA,0,NA,"Rain",-1
2014-08-04,28,23,19,22,19,17,100,80,42,NA,NA,NA,31,24,18,13,3,NA,0,NA,"",-1
2014-08-05,28,23,19,22,19,16,100,82,35,NA,NA,NA,31,18,3,13,3,NA,5.08,8,"Rain-Thunderstorm",-1
2014-08-06,22,19,16,18,17,16,96,85,65,NA,NA,NA,26,16,10,24,13,NA,0,NA,"",-1
2014-08-07,24,20,16,19,16,13,95,75,45,NA,NA,NA,31,22,10,19,14,NA,0,NA,"",-1
2014-08-08,28,23,18,18,16,12,94,62,28,NA,NA,NA,31,22,10,10,3,NA,0,NA,"",-1
2014-08-09,29,24,19,22,18,13,95,66,29,NA,NA,NA,26,24,19,11,6,NA,0,NA,"",-1
2014-08-10,30,25,20,22,20,16,92,68,33,NA,NA,NA,26,24,19,8,5,NA,0,NA,"",-1
2014-08-11,31,26,21,19,16,12,78,44,21,NA,NA,NA,31,29,26,11,6,NA,0,NA,"",-1
2014-08-12,32,27,23,19,16,11,65,41,34,NA,NA,NA,31,28,23,23,13,NA,0,NA,"",-1
2014-08-13,31,27,23,19,17,16,74,47,29,NA,NA,NA,26,20,10,14,10,NA,0,NA,"",-1
2014-08-14,27,23,19,22,18,12,89,64,52,NA,NA,NA,26,19,10,32,11,NA,0,NA,"",-1
2014-08-15,24,19,15,18,16,13,100,77,57,NA,NA,NA,31,22,14,26,13,NA,0,NA,"",-1
2014-08-16,23,19,16,17,16,16,99,83,56,NA,NA,NA,31,20,11,21,8,NA,0,NA,"",-1
2014-08-17,22,18,13,15,13,9,100,73,40,NA,NA,NA,31,22,10,14,10,NA,0,NA,"",-1
2014-08-18,26,21,15,18,14,9,91,65,25,NA,NA,NA,31,23,10,16,6,NA,0,NA,"",-1
2014-08-19,28,22,16,17,13,4,97,56,13,NA,NA,NA,31,24,19,16,11,NA,0,NA,"",-1
2014-08-20,26,22,18,21,18,13,97,70,53,NA,NA,NA,31,23,18,24,13,NA,0,NA,"",-1
2014-08-21,29,24,20,21,20,18,99,75,43,NA,NA,NA,26,17,11,26,10,NA,0,NA,"",-1
2014-08-22,28,23,19,21,19,17,99,74,38,NA,NA,NA,26,17,10,14,8,NA,0,NA,"",-1
2014-08-23,28,23,18,19,17,14,92,67,33,NA,NA,NA,31,22,10,32,10,NA,0,NA,"",-1
2014-08-24,26,22,18,19,17,13,100,77,37,NA,NA,NA,31,23,19,21,8,NA,0,NA,"",-1
2014-08-25,26,21,15,18,17,16,100,79,41,NA,NA,NA,26,20,11,14,6,NA,0,NA,"",-1
2014-08-26,27,22,17,20,16,11,100,68,29,NA,NA,NA,31,24,14,21,11,NA,0,NA,"",-1
2014-08-27,28,23,19,19,16,11,88,54,31,NA,NA,NA,31,24,10,50,23,NA,0,NA,"",-1
2014-08-28,27,23,18,21,19,18,100,86,48,NA,NA,NA,31,18,10,13,6,NA,9.91,8,"Rain",-1
2014-08-29,24,20,16,19,18,16,99,85,59,NA,NA,NA,26,15,8,10,5,NA,0,NA,"",-1
2014-08-30,27,23,19,21,18,17,97,79,42,NA,NA,NA,31,17,10,6,2,NA,0.25,8,"Rain-Thunderstorm",-1
2014-08-31,27,22,18,19,18,15,97,76,39,NA,NA,NA,26,18,11,11,3,NA,0,NA,"",-1
2014-09-01,19,15,11,18,14,10,99,90,79,NA,NA,NA,19,13,3,27,16,NA,8.89,8,"Rain-Thunderstorm",-1
2014-09-02,15,13,11,14,13,11,96,93,92,NA,NA,NA,14,9,3,26,14,NA,3.05,8,"Rain",-1
2014-09-03,14,13,11,14,13,11,99,94,92,NA,NA,NA,14,9,0,16,13,NA,1.02,8,"Rain",-1
2014-09-04,19,16,13,18,15,13,100,97,83,NA,NA,NA,10,5,2,13,10,NA,0.76,8,"",-1
2014-09-05,22,18,14,18,16,14,100,94,64,NA,NA,NA,19,13,6,11,6,NA,13.97,8,"",-1
2014-09-06,18,16,14,17,16,14,100,97,91,NA,NA,NA,10,6,2,11,8,NA,0.76,8,"Rain",-1
2014-09-07,22,18,14,18,16,14,100,89,63,NA,NA,NA,14,11,6,10,5,NA,0,NA,"",-1
2014-09-08,24,20,16,18,16,14,100,83,43,NA,NA,NA,19,13,6,8,2,NA,9.91,8,"Thunderstorm",-1
2014-09-09,24,21,17,18,17,15,96,75,46,NA,NA,NA,26,17,10,8,5,NA,0,NA,"Thunderstorm",-1
2014-09-10,25,21,17,18,16,13,99,77,44,NA,NA,NA,26,14,6,13,8,NA,0,8,"Thunderstorm",-1
2014-09-11,21,18,15,17,15,13,98,78,59,NA,NA,NA,18,14,6,19,11,NA,0,8,"Rain",-1
2014-09-12,21,18,15,16,13,10,100,72,41,NA,NA,NA,19,10,0,19,8,NA,0,8,"Fog",-1
2014-09-13,22,18,14,17,14,11,100,81,38,NA,NA,NA,19,10,0,10,2,NA,0,8,"Fog",-1
2014-09-14,21,17,13,14,12,8,100,77,32,NA,NA,NA,23,14,3,8,2,NA,0,8,"",-1
2014-09-15,23,18,14,17,13,9,96,74,30,NA,NA,NA,31,21,11,6,3,NA,0,NA,"",-1
2014-09-16,22,18,15,16,14,13,97,80,56,NA,NA,NA,19,17,8,8,2,NA,7.11,8,"Rain",-1
2014-09-17,21,18,14,17,13,11,100,77,47,NA,NA,NA,19,18,8,8,2,NA,0,NA,"",-1
2014-09-18,22,19,15,18,15,13,100,79,45,NA,NA,NA,19,14,8,6,2,NA,0,NA,"",-1
2014-09-19,26,21,17,17,15,11,96,61,38,NA,NA,NA,18,14,10,21,6,NA,0,8,"",-1
2014-09-20,26,23,21,19,18,16,76,66,53,NA,NA,NA,14,12,10,24,13,NA,0,8,"",-1
2014-09-21,25,22,20,19,17,16,82,67,46,NA,NA,NA,14,11,6,35,14,NA,0,NA,"",-1
2014-09-22,24,21,19,16,15,13,73,63,42,NA,NA,NA,26,20,10,47,31,NA,0,8,"",-1
2014-09-23,18,15,12,14,8,1,95,60,25,NA,NA,NA,19,17,14,60,34,NA,0,NA,"",-1
2014-09-24,18,14,10,14,9,6,81,65,50,NA,NA,NA,26,18,11,10,3,NA,0,NA,"",-1
2014-09-25,21,18,13,14,13,12,98,78,47,NA,NA,NA,23,11,0,16,8,NA,5.08,NA,"Fog-Rain-Thunderstorm",-1
2014-09-26,15,13,11,13,9,3,100,72,35,NA,NA,NA,26,15,0,26,18,NA,0,NA,"Fog-Rain",-1
2014-09-27,16,13,10,12,11,9,99,81,59,NA,NA,NA,26,24,19,35,18,NA,0,NA,"",-1
2014-09-28,17,14,12,12,11,9,95,72,48,NA,NA,NA,26,22,14,23,16,NA,0,NA,"",-1
2014-09-29,21,16,11,13,9,6,78,54,25,NA,NA,NA,31,24,14,10,5,NA,0,NA,"",-1
2014-09-30,23,18,13,13,11,6,83,57,22,NA,NA,NA,31,27,23,11,3,NA,0,NA,"",-1
2014-10-01,23,18,14,16,14,12,93,71,39,NA,NA,NA,19,19,19,13,3,NA,0,NA,"",-1
2014-10-02,16,15,13,16,14,12,99,96,91,NA,NA,NA,19,9,3,14,5,NA,0.51,8,"Rain",-1
2014-10-03,15,13,12,13,12,11,95,87,77,NA,NA,NA,14,9,6,14,11,NA,0,8,"Rain",-1
2014-10-04,15,13,11,13,12,11,95,90,80,NA,NA,NA,14,11,10,11,8,NA,0,8,"",-1
2014-10-05,14,13,11,12,12,11,98,89,78,NA,NA,NA,14,8,3,10,5,NA,0.51,8,"Rain",-1
2014-10-06,19,16,12,14,12,10,100,82,59,NA,NA,NA,18,7,0,13,3,NA,5.08,8,"Fog-Rain-Thunderstorm",-1
2014-10-07,21,16,11,16,11,6,100,72,27,NA,NA,NA,26,22,14,10,5,NA,0,NA,"",-1
2014-10-08,23,18,14,16,13,11,86,68,39,NA,NA,NA,19,18,14,10,6,NA,0,NA,"",-1
2014-10-09,25,20,16,16,13,7,95,60,23,NA,NA,NA,31,22,10,14,6,NA,0,NA,"",-1
2014-10-10,27,22,17,16,12,9,61,49,29,NA,NA,NA,31,24,18,14,8,NA,0,NA,"",-1
2014-10-11,27,22,18,13,11,9,62,43,26,NA,NA,NA,26,19,18,13,8,NA,0,NA,"",-1
2014-10-12,25,21,16,18,14,11,89,62,43,NA,NA,NA,26,24,19,11,3,NA,0,NA,"",-1
2014-10-13,26,21,16,17,13,10,98,58,27,NA,NA,NA,26,19,11,185,19,NA,0,NA,"",-1
2014-10-14,24,20,16,15,11,7,88,51,24,NA,NA,NA,16,13,10,14,8,NA,0,NA,"",-1
2014-10-15,23,22,18,15,11,9,74,46,36,NA,NA,NA,16,13,10,19,14,NA,0,8,"",-1
2014-10-16,22,19,17,16,15,14,81,73,58,NA,NA,NA,31,22,18,40,19,NA,0,NA,"",-1
2014-10-17,22,19,16,17,16,14,94,79,57,NA,NA,NA,26,23,19,39,19,NA,0,NA,"",-1
2014-10-18,22,19,15,18,16,14,100,83,53,NA,NA,NA,31,22,14,10,6,NA,0,NA,"",-1
2014-10-19,22,19,15,17,14,12,99,81,44,NA,NA,NA,19,15,10,13,8,NA,0,NA,"",-1
2014-10-20,23,19,16,17,15,11,98,76,38,NA,NA,NA,26,16,10,11,3,NA,0,NA,"",-1
2014-10-21,21,17,14,15,13,10,100,72,46,NA,NA,NA,23,16,10,27,16,NA,0,NA,"",-1
2014-10-22,22,13,4,14,9,4,96,79,64,NA,NA,NA,19,14,8,48,19,NA,0.25,8,"Rain",-1
2014-10-23,9,6,3,4,1,-7,99,72,23,NA,NA,NA,19,13,8,29,16,NA,3.05,8,"Rain",-1
2014-10-24,7,4,3,6,4,3,99,87,80,NA,NA,NA,11,6,2,23,14,NA,11.94,8,"Rain",-1
2014-10-25,8,7,6,7,6,4,96,85,72,NA,NA,NA,14,7,0,19,14,NA,0.25,8,"Rain",-1
2014-10-26,10,8,6,7,6,3,95,81,64,NA,NA,NA,18,14,8,16,13,NA,0,NA,"",-1
2014-10-27,10,8,7,8,7,6,100,89,61,NA,NA,NA,19,15,6,24,14,NA,0,8,"",-1
2014-10-28,9,8,7,8,8,7,100,96,82,NA,NA,NA,14,10,5,8,3,NA,0,8,"",-1
2014-10-29,13,10,8,9,8,7,99,89,62,NA,NA,NA,18,10,5,14,3,NA,0,8,"",-1
2014-10-30,11,9,6,8,7,6,99,87,63,NA,NA,NA,11,6,0,21,8,NA,0,8,"Fog",-1
2014-10-31,11,9,7,8,7,6,99,87,63,NA,NA,NA,14,9,8,23,18,NA,0,NA,"",-1
2014-11-01,14,10,7,9,6,3,96,78,37,NA,NA,NA,31,14,0,19,8,NA,0,NA,"Fog",-1
2014-11-02,18,13,8,5,0,-6,52,33,11,NA,NA,NA,31,13,3,8,5,NA,0,NA,"",-1
2014-11-03,17,12,8,9,7,4,93,63,33,NA,NA,NA,31,19,10,19,8,NA,0,NA,"",-1
2014-11-04,15,12,10,12,10,8,99,84,69,NA,NA,NA,31,19,8,34,13,NA,0.51,NA,"",-1
2014-11-05,16,13,11,12,11,9,97,77,65,NA,NA,NA,26,19,14,37,31,NA,0,NA,"",-1
2014-11-06,18,16,13,15,12,9,98,72,48,NA,NA,NA,14,9,5,34,23,NA,0,8,"",-1
2014-11-07,14,13,12,13,12,11,99,93,81,NA,NA,NA,14,8,2,21,14,NA,0,8,"Rain",-1
2014-11-08,13,12,10,12,11,10,95,91,77,NA,NA,NA,11,8,2,14,6,NA,0,8,"",-1
2014-11-09,17,13,10,12,11,9,92,77,50,NA,NA,NA,19,17,8,11,6,NA,0,NA,"",-1
2014-11-10,19,14,11,12,8,2,94,63,29,NA,NA,NA,26,21,19,11,8,NA,0,NA,"",-1
2014-11-11,15,14,13,13,12,10,95,85,74,NA,NA,NA,19,17,11,21,11,NA,1.02,8,"Rain",-1
2014-11-12,14,12,11,11,11,9,96,86,78,NA,NA,NA,14,11,5,13,3,NA,0,8,"",-1
2014-11-13,14,12,9,11,9,8,99,82,65,NA,NA,NA,26,14,2,19,8,NA,8.89,8,"Rain",-1
2014-11-14,16,12,9,12,9,8,99,82,54,NA,NA,NA,26,19,11,11,6,NA,0,NA,"",-1
2014-11-15,16,13,10,11,9,7,88,72,46,NA,NA,NA,26,18,11,14,8,NA,4.06,8,"",-1
2014-11-16,13,12,8,9,7,4,100,71,43,NA,NA,NA,31,19,6,37,19,NA,2.03,8,"Rain",-1
2014-11-17,13,11,8,11,7,5,99,73,48,NA,NA,NA,26,14,8,45,26,NA,3.05,8,"Rain",-1
2014-11-18,13,11,9,8,6,4,81,61,46,NA,NA,NA,26,18,8,47,23,NA,0,8,"Rain",-1
2014-11-19,14,11,8,9,7,2,100,77,36,NA,NA,NA,31,22,18,37,19,NA,0.51,NA,"Rain",-1
2014-11-20,12,9,7,8,5,1,98,71,35,NA,NA,NA,31,18,5,11,6,NA,0,NA,"",-1
2014-11-21,14,11,7,8,3,-1,98,60,25,NA,NA,NA,31,21,0,8,2,NA,0,NA,"Fog",-1
2014-11-22,14,10,6,7,4,1,97,57,27,NA,NA,NA,31,15,0,8,2,NA,0,NA,"Fog",-1
2014-11-23,15,12,9,9,6,4,85,60,43,NA,NA,NA,26,16,10,11,2,NA,0,NA,"",-1
2014-11-24,16,12,9,11,9,7,97,81,58,NA,NA,NA,23,14,5,6,3,NA,0,NA,"",-1
2014-11-25,16,13,10,12,10,7,100,87,70,NA,NA,NA,16,11,8,11,5,NA,0,NA,"",-1
2014-11-26,14,11,8,11,9,9,100,89,63,NA,NA,NA,11,9,3,10,2,NA,0,8,"",-1
2014-11-27,16,12,9,10,9,8,100,77,52,NA,NA,NA,26,14,5,10,5,NA,0,NA,"",-1
2014-11-28,14,12,10,11,9,6,88,78,53,NA,NA,NA,19,14,10,13,6,NA,0,8,"",-1
2014-11-29,16,13,12,13,12,9,98,83,60,NA,NA,NA,19,14,6,24,16,NA,0.25,8,"Rain",-1
2014-11-30,19,14,12,12,8,1,100,62,19,NA,NA,NA,14,10,0,29,8,NA,0,NA,"Fog-Rain",-1
2014-12-01,14,12,11,12,8,3,98,68,28,NA,NA,NA,14,9,5,45,19,NA,5.08,8,"Rain-Thunderstorm",-1
2014-12-02,8,8,8,9,8,7,98,91,74,NA,NA,NA,8,6,0,11,6,NA,16,8,"Fog-Rain",-1
2014-12-03,13,10,8,9,8,7,97,83,64,NA,NA,NA,18,13,8,19,13,NA,0,NA,"",-1
2014-12-04,11,10,8,11,8,8,99,92,81,NA,NA,NA,18,13,5,16,6,NA,6.1,8,"Rain",-1
2014-12-05,9,8,7,9,7,6,99,92,79,NA,NA,NA,16,11,3,11,5,NA,5.08,8,"Rain",-1
2014-12-06,11,9,7,6,4,0,85,70,36,NA,NA,NA,31,21,14,26,18,NA,0,NA,"",-1
2014-12-07,11,8,6,7,4,2,95,79,50,NA,NA,NA,31,19,10,27,14,NA,0,NA,"",-1
2014-12-08,6,5,4,6,4,3,99,94,90,NA,NA,NA,14,10,5,14,10,NA,0.25,8,"Rain",-1
2014-12-09,5,4,3,3,2,2,99,92,73,NA,NA,NA,18,13,6,23,16,NA,0.51,8,"Rain",-1
2014-12-10,3,2,2,2,1,-2,96,87,72,NA,NA,NA,14,10,3,34,23,NA,0.51,8,"Rain",-1
2014-12-11,7,4,1,2,0,-2,93,70,51,NA,NA,NA,31,22,14,6,2,NA,0,8,"",-1
2014-12-12,11,6,2,1,-6,-13,79,38,9,NA,NA,NA,31,27,19,13,6,NA,0,NA,"",-1
2014-12-13,11,8,5,4,2,-7,81,60,27,NA,NA,NA,31,21,10,23,16,NA,0,NA,"",-1
2014-12-14,12,9,7,6,5,4,92,74,49,NA,NA,NA,31,24,19,11,6,NA,0,NA,"",-1
2014-12-15,10,8,6,8,6,4,84,80,76,NA,NA,NA,26,17,10,13,3,NA,0,8,"",-1
2014-12-16,10,8,7,7,6,5,98,83,71,NA,NA,NA,26,14,3,29,19,NA,9.91,8,"Rain-Thunderstorm",-1
2014-12-17,11,9,6,6,6,4,90,79,60,NA,NA,NA,26,15,10,14,6,NA,0,8,"Rain",-1
2014-12-18,10,8,6,8,7,6,99,89,72,NA,NA,NA,18,13,10,14,5,NA,0,NA,"",-1
2014-12-19,14,10,6,5,3,1,85,55,31,NA,NA,NA,31,24,14,14,3,NA,0,NA,"",-1
2014-12-20,14,11,7,7,4,3,81,63,43,NA,NA,NA,31,19,11,13,8,NA,0,NA,"",-1
2014-12-21,9,7,6,8,4,1,98,77,53,NA,NA,NA,26,17,8,29,14,NA,0,NA,"",-1
2014-12-22,13,9,5,2,-2,-7,66,38,23,NA,NA,NA,31,24,18,13,5,NA,0,NA,"",-1
2014-12-23,12,8,4,7,4,2,97,75,52,NA,NA,NA,31,25,18,10,3,NA,0,NA,"",-1
2014-12-24,10,7,3,5,3,1,100,76,40,NA,NA,NA,31,19,10,10,5,NA,0,NA,"",-1
2014-12-25,9,6,3,2,1,0,92,64,42,NA,NA,NA,18,15,10,11,6,NA,0,NA,"",-1
2014-12-26,6,3,0,4,1,-2,94,74,53,NA,NA,NA,18,13,6,29,13,NA,0,8,"Snow",-1
2014-12-27,5,2,-1,2,-3,-9,82,60,25,NA,NA,NA,26,17,8,32,11,NA,5.08,8,"",-1
2014-12-28,6,4,2,3,2,0,100,86,70,NA,NA,NA,19,12,10,32,19,NA,0,8,"Rain",-1
2014-12-29,-2,-2,-3,-2,-4,-8,100,79,52,NA,NA,NA,11,6,3,47,32,NA,0.51,8,"Snow",-1
2014-12-30,-5,-6,-7,-3,-7,-8,98,85,70,NA,NA,NA,8,4,2,47,24,NA,4.06,8,"Snow",-1
2014-12-31,-4,-7,-8,-4,-7,-8,100,95,87,NA,NA,NA,5,2,0,39,34,NA,11.94,8,"Snow",-1
2015-01-01,0,-3,-4,3,-4,-7,86,72,56,NA,NA,NA,14,12,10,42,31,NA,0,8,"",-1
2015-01-02,7,3,-1,0,-1,-4,93,65,36,NA,NA,NA,31,21,14,21,14,NA,0,8,"",-1
2015-01-03,10,8,6,4,-1,-7,80,44,21,NA,NA,NA,31,28,19,24,8,NA,0,NA,"",-1
2015-01-04,11,8,2,7,4,1,99,78,56,NA,NA,NA,31,19,8,37,21,NA,0.25,8,"Rain",-1
2015-01-05,3,1,-1,-1,-5,-13,92,60,20,NA,NA,NA,26,19,0,39,21,NA,4.06,8,"Snow-Hail",-1
2015-01-06,3,2,0,2,-6,-16,89,54,12,NA,NA,NA,26,19,3,23,10,NA,0,8,"",-1
2015-01-07,8,4,1,0,-3,-6,64,47,28,NA,NA,NA,31,25,19,11,3,NA,0,NA,"",-1
2015-01-08,10,7,4,4,1,-1,87,61,47,NA,NA,NA,31,27,26,10,2,NA,0,NA,"",-1
2015-01-09,11,8,4,5,2,0,82,68,42,NA,NA,NA,26,24,14,27,14,NA,0,NA,"",-1
2015-01-10,13,9,6,9,4,-2,100,62,33,NA,NA,NA,31,23,18,26,13,NA,0,8,"",-1
2015-01-11,13,10,8,8,7,7,96,75,56,NA,NA,NA,26,18,5,55,24,NA,2.03,NA,"Rain",-1
2015-01-12,9,6,2,4,-5,-17,88,48,6,NA,NA,NA,31,17,6,39,16,NA,0,8,"",-1
2015-01-13,13,9,4,0,-3,-7,57,37,20,NA,NA,NA,31,30,26,14,8,NA,0,NA,"",-1
2015-01-14,12,9,5,6,-3,-14,86,39,9,NA,NA,NA,31,25,14,26,18,NA,0,NA,"",-1
2015-01-15,11,8,6,4,3,1,84,66,38,NA,NA,NA,26,19,14,19,8,NA,0,NA,"",-1
2015-01-16,13,9,6,4,2,-1,77,56,38,NA,NA,NA,26,21,10,14,11,NA,0,NA,"",-1
2015-01-17,9,9,8,9,5,-2,100,74,31,NA,NA,NA,14,9,5,23,13,NA,5.08,8,"Rain",-1
2015-01-18,8,6,4,8,5,2,99,85,75,NA,NA,NA,14,7,2,16,6,NA,35.05,8,"Rain",-1
2015-01-19,8,6,3,6,3,2,86,81,72,NA,NA,NA,31,9,0,13,6,NA,0.51,8,"Fog-Rain",-1
2015-01-20,7,6,4,4,3,2,81,75,63,NA,NA,NA,26,11,0,34,11,NA,0,8,"Fog-Rain",-1
2015-01-21,9,6,3,4,3,2,97,81,57,NA,NA,NA,26,17,5,19,6,NA,0.76,8,"Rain",-1
2015-01-22,6,6,4,4,4,3,94,85,71,NA,NA,NA,11,6,3,34,13,NA,7.87,8,"Rain",-1
2015-01-23,4,4,3,3,3,3,96,94,91,NA,NA,NA,6,5,3,32,18,NA,14.99,8,"Rain",-1
2015-01-24,3,2,2,2,2,1,93,90,87,NA,NA,NA,31,11,3,34,23,NA,8.89,8,"Rain",-1
2015-01-25,2,1,1,2,1,0,95,92,89,NA,NA,NA,14,13,11,24,14,NA,0,8,"",-1
2015-01-26,2,1,0,1,0,-1,97,92,84,NA,NA,NA,14,13,10,27,13,NA,0,8,"",-1
2015-01-27,3,1,-2,-1,-2,-3,98,85,65,NA,NA,NA,31,18,10,13,6,NA,0,8,"",-1
2015-01-28,-1,-1,-2,-1,-2,-3,96,93,91,NA,NA,NA,14,10,3,34,16,NA,0,8,"Snow",-1
2015-01-29,5,2,-1,4,-2,-8,97,74,25,NA,NA,NA,18,14,11,34,11,NA,0.76,8,"Rain",-1
2015-01-30,6,4,-1,6,3,-2,99,92,65,NA,NA,NA,14,11,3,50,27,NA,5.08,8,"Rain-Snow",-1
2015-01-31,4,1,-2,4,1,-3,95,88,63,NA,NA,NA,19,8,2,37,18,NA,3.05,8,"Rain-Snow",-1
2015-02-01,4,2,-1,1,-1,-3,93,82,67,NA,NA,NA,31,15,2,45,18,NA,0.25,8,"Snow",-1
2015-02-02,4,1,-1,-1,-2,-7,94,72,30,NA,NA,NA,31,18,0,16,11,NA,0,8,"Snow",-1
2015-02-03,3,2,0,6,0,-5,100,86,53,NA,NA,NA,23,13,3,29,13,NA,0.51,8,"Rain-Snow",-1
2015-02-04,7,4,1,4,2,-2,97,81,42,NA,NA,NA,19,11,3,34,19,NA,0.25,8,"Rain-Thunderstorm",-1
2015-02-05,10,7,3,6,3,2,95,75,50,NA,NA,NA,14,7,2,24,14,NA,0.51,8,"Rain",-1
2015-02-06,5,3,2,3,2,1,95,94,91,NA,NA,NA,14,9,3,19,11,NA,1.02,8,"Rain",-1
2015-02-07,5,3,2,2,2,1,100,91,81,NA,NA,NA,19,15,0,13,6,NA,0.51,8,"Rain",-1
2015-02-08,6,2,-3,2,-1,-4,94,80,49,NA,NA,NA,13,7,0,29,6,NA,1.02,8,"Fog-Rain-Snow",-1
2015-02-09,-1,-4,-6,-3,-7,-8,97,74,59,NA,NA,NA,14,6,2,58,40,NA,0.25,8,"Snow",-1
2015-02-10,6,1,-3,-1,-4,-9,68,50,35,NA,NA,NA,26,19,10,26,18,NA,0,NA,"",-1
2015-02-11,5,3,2,4,1,-4,100,80,46,NA,NA,NA,26,17,8,26,18,NA,0,8,"",-1
2015-02-12,4,3,3,4,3,3,100,98,92,NA,NA,NA,13,8,5,13,6,NA,1.02,8,"Rain",-1
2015-02-13,4,3,2,3,2,-1,100,86,69,NA,NA,NA,26,15,11,6,3,NA,0,8,"Rain",-1
2015-02-14,7,4,2,1,-2,-5,68,56,29,NA,NA,NA,26,17,11,10,2,NA,0,8,"",-1
2015-02-15,7,5,3,6,3,-1,100,83,67,NA,NA,NA,14,10,6,11,6,NA,0,8,"",-1
2015-02-16,8,6,4,8,6,4,100,94,74,NA,NA,NA,10,7,5,21,10,NA,0,8,"",-1
2015-02-17,8,6,4,5,4,2,100,87,66,NA,NA,NA,18,10,3,27,16,NA,0.25,8,"Rain",-1
2015-02-18,4,3,-1,2,1,-2,97,84,63,NA,NA,NA,14,10,3,29,23,NA,0,8,"",-1
2015-02-19,8,3,-1,2,-2,-6,91,66,27,NA,NA,NA,31,19,10,14,10,NA,0,NA,"",-1
2015-02-20,11,6,1,-2,-5,-9,66,37,14,NA,NA,NA,31,20,14,10,5,NA,0,NA,"",-1
2015-02-21,8,4,1,4,0,-3,100,70,49,NA,NA,NA,31,21,11,19,8,NA,0.25,8,"Rain",-1
2015-02-22,8,6,3,6,4,3,100,88,83,NA,NA,NA,8,4,0,21,11,NA,13.97,8,"Rain",-1
2015-02-23,8,7,4,7,5,3,98,88,82,NA,NA,NA,11,3,0,13,8,NA,0,8,"Fog-Rain",-1
2015-02-24,7,6,5,5,4,4,95,88,80,NA,NA,NA,18,13,10,21,8,NA,0.51,8,"",-1
2015-02-25,5,4,4,5,3,2,98,85,82,NA,NA,NA,3,2,0,27,16,NA,12.95,8,"Rain",-1
2015-02-26,7,4,2,4,2,1,91,85,80,NA,NA,NA,11,6,3,14,11,NA,1.02,8,"Rain",-1
2015-02-27,4,3,2,3,2,1,96,84,80,NA,NA,NA,6,4,0,13,10,NA,4.06,8,"Fog-Rain",-1
2015-02-28,10,7,3,6,2,0,96,77,45,NA,NA,NA,26,14,3,10,5,NA,0,NA,"",-1
2015-03-01,11,7,3,4,2,-3,94,70,30,NA,NA,NA,26,13,3,27,5,NA,0,NA,"",-1
2015-03-02,11,8,4,9,5,1,100,82,69,NA,NA,NA,26,19,14,40,21,NA,0,8,"",-1
2015-03-03,13,11,8,9,8,6,100,85,58,NA,NA,NA,26,13,5,34,14,NA,0,NA,"",-1
2015-03-04,14,10,6,9,7,5,100,81,41,NA,NA,NA,31,17,6,19,6,NA,9.91,8,"Rain",-1
2015-03-05,5,2,-2,7,1,-3,99,90,82,NA,NA,NA,13,3,2,40,16,NA,18.03,8,"Rain-Snow",-1
2015-03-06,-1,-2,-2,-3,-3,-4,85,81,79,NA,NA,NA,11,6,2,47,40,NA,5.08,8,"Snow",-1
2015-03-07,1,-1,-2,-2,-3,-4,88,75,67,NA,NA,NA,14,9,3,42,31,NA,0.76,8,"Snow",-1
2015-03-08,2,0,-1,0,-1,-2,93,83,72,NA,NA,NA,18,12,8,29,11,NA,0,8,"",-1
2015-03-09,4,2,1,3,1,-1,100,85,74,NA,NA,NA,19,14,11,10,6,NA,0,8,"",-1
2015-03-10,8,4,1,2,1,-1,99,82,48,NA,NA,NA,11,7,3,10,6,NA,0,8,"",-1
2015-03-11,10,6,1,2,-1,-5,98,58,25,NA,NA,NA,31,18,3,8,5,NA,0,NA,"",-1
2015-03-12,3,1,-2,0,-1,-2,97,76,55,NA,NA,NA,19,11,2,37,16,NA,0.51,8,"Snow",-1
2015-03-13,6,3,1,2,1,-1,93,80,51,NA,NA,NA,14,10,3,16,10,NA,0.51,8,"",-1
2015-03-14,10,6,2,4,1,-2,100,72,33,NA,NA,NA,14,10,6,21,3,NA,0,NA,"",-1
2015-03-15,6,4,3,5,4,3,100,96,84,NA,NA,NA,10,6,0,6,2,NA,4.06,8,"Fog-Rain",-1
2015-03-16,8,7,4,8,6,4,100,97,90,NA,NA,NA,5,2,0,10,3,NA,0.25,8,"Fog-Rain",-1
2015-03-17,7,7,6,7,5,4,100,88,83,NA,NA,NA,2,1,0,19,10,NA,7.87,8,"Fog-Rain",-1
2015-03-18,11,8,5,7,5,3,95,83,51,NA,NA,NA,11,5,3,10,5,NA,0,8,"",-1
2015-03-19,11,8,5,6,2,-4,97,63,27,NA,NA,NA,14,9,0,16,6,NA,0,NA,"Fog",-1
2015-03-20,10,7,3,3,-3,-7,74,42,17,NA,NA,NA,18,13,10,11,8,NA,0,NA,"",-1
2015-03-21,12,8,3,2,-6,-11,53,29,14,NA,NA,NA,31,18,10,14,8,NA,0,NA,"",-1
2015-03-22,6,5,4,7,3,-3,100,85,37,NA,NA,NA,11,5,0,11,8,NA,1.02,8,"Fog-Rain",-1
2015-03-23,8,6,3,7,4,2,98,90,65,NA,NA,NA,14,5,0,10,5,NA,0.25,8,"Fog-Rain",-1
2015-03-24,14,10,6,9,6,1,99,71,56,NA,NA,NA,26,17,3,23,8,NA,0,8,"",-1
2015-03-25,10,9,8,8,7,7,100,84,73,NA,NA,NA,10,5,0,39,19,NA,3.05,8,"Fog-Rain",-1
2015-03-26,18,13,9,9,6,-1,95,60,17,NA,NA,NA,31,19,10,23,13,NA,0.76,8,"Rain-Thunderstorm",-1
2015-03-27,14,11,7,9,8,6,100,85,68,NA,NA,NA,19,12,2,37,13,NA,1.02,8,"",-1
2015-03-28,9,7,4,6,2,-3,96,67,37,NA,NA,NA,19,13,3,45,32,NA,0,8,"Rain",-1
2015-03-29,14,8,3,4,-5,-12,56,34,9,NA,NA,NA,26,23,19,24,16,NA,0,NA,"",-1
2015-03-30,17,12,8,11,6,-4,99,58,27,NA,NA,NA,26,18,10,29,18,NA,0,8,"",-1
2015-03-31,19,14,10,10,7,3,85,54,26,NA,NA,NA,31,21,10,26,11,NA,0,NA,"",-1
2015-04-01,18,13,8,9,3,-8,99,53,16,NA,NA,NA,31,23,18,24,11,NA,0,NA,"",-1
2015-04-02,16,11,6,7,2,-4,97,51,18,NA,NA,NA,27,19,10,37,11,NA,0,NA,"",-1
2015-04-03,9,8,4,7,2,-3,98,59,33,NA,NA,NA,26,19,8,34,18,NA,0.51,8,"Rain",-1
2015-04-04,10,7,4,8,1,-14,100,66,14,NA,NA,NA,31,15,3,14,6,NA,0.76,8,"Rain",-1
2015-04-05,8,6,2,8,4,2,100,89,72,NA,NA,NA,11,6,2,37,21,NA,26.92,8,"Rain",-1
2015-04-06,5,3,0,1,0,-1,100,87,63,NA,NA,NA,18,7,0,34,23,NA,1.02,8,"Snow",-1
2015-04-07,1,-1,-2,0,-1,-2,100,95,86,NA,NA,NA,10,5,2,48,24,NA,5.08,8,"Snow",-1
2015-04-08,6,3,0,-2,-4,-9,73,47,23,NA,NA,NA,26,16,10,42,31,NA,0,NA,"Snow",-1
2015-04-09,9,7,3,4,1,-2,99,59,38,NA,NA,NA,26,15,10,34,23,NA,0,8,"",-1
2015-04-10,17,11,6,6,0,-8,77,43,9,NA,NA,NA,31,16,10,11,3,NA,0,NA,"",-1
2015-04-11,17,12,6,7,3,-9,83,56,7,NA,NA,NA,26,19,11,11,5,NA,0,NA,"",-1
2015-04-12,16,11,7,7,4,2,95,60,34,NA,NA,NA,19,16,10,13,10,NA,0,NA,"",-1
2015-04-13,19,13,8,4,2,1,57,39,21,NA,NA,NA,31,24,19,14,10,NA,0,NA,"",-1
2015-04-14,19,16,11,7,5,3,63,43,24,NA,NA,NA,31,25,14,14,8,NA,0,8,"",-1
2015-04-15,19,14,10,6,3,1,50,36,20,NA,NA,NA,31,25,14,14,10,NA,0,NA,"",-1
2015-04-16,22,17,12,9,8,2,74,50,18,NA,NA,NA,26,19,10,13,10,NA,0,NA,"",-1
2015-04-17,20,16,11,8,6,3,60,42,26,NA,NA,NA,23,16,10,16,11,NA,0,NA,"",-1
2015-04-18,19,13,8,12,9,6,100,72,35,NA,NA,NA,31,21,14,16,6,NA,0,NA,"",-1
2015-04-19,8,6,4,7,3,-1,100,76,49,NA,NA,NA,19,14,5,29,18,NA,4.06,8,"Rain",-1
2015-04-20,13,8,3,3,1,-2,94,55,21,NA,NA,NA,26,14,8,11,6,NA,0,NA,"",-1
2015-04-21,14,10,6,2,-1,-4,60,35,22,NA,NA,NA,31,26,14,32,19,NA,0,NA,"",-1
2015-04-22,19,14,9,-2,-4,-6,23,18,10,NA,NA,NA,31,27,26,14,10,NA,0,NA,"",-1
2015-04-23,18,14,11,1,-3,-4,25,20,14,NA,NA,NA,31,27,26,19,11,NA,0,NA,"",-1
2015-04-24,16,13,10,12,7,2,100,65,36,NA,NA,NA,31,19,6,40,18,NA,5.08,8,"Rain",-1
2015-04-25,18,13,8,11,7,4,86,63,28,NA,NA,NA,31,18,8,14,3,NA,0,8,"",-1
2015-04-26,19,15,11,11,8,7,85,59,37,NA,NA,NA,23,16,11,14,8,NA,0,8,"",-1
2015-04-27,17,13,9,9,7,4,95,65,48,NA,NA,NA,19,15,11,21,8,NA,0,8,"",-1
2015-04-28,13,10,8,11,8,7,100,87,62,NA,NA,NA,31,15,0,14,10,NA,3.05,8,"Rain",-1
2015-04-29,13,11,8,8,8,7,100,86,64,NA,NA,NA,14,10,3,6,5,NA,1.02,8,"Rain",-1
2015-04-30,16,12,9,9,5,-1,84,60,23,NA,NA,NA,31,19,10,26,11,NA,0,NA,"",-1
2015-05-01,16,11,7,9,6,2,100,62,31,NA,NA,NA,31,20,14,52,26,NA,0,8,"",-1
2015-05-02,20,16,11,13,8,6,100,58,41,NA,NA,NA,31,21,14,52,19,NA,0,8,"",-1
2015-05-03,22,17,11,15,12,8,100,70,32,NA,NA,NA,31,23,19,16,8,NA,0,NA,"",-1
2015-05-04,28,21,15,17,14,9,90,59,22,NA,NA,NA,31,22,11,19,10,NA,0,NA,"",-1
2015-05-05,31,25,19,17,9,6,69,32,14,NA,NA,NA,31,23,10,21,13,NA,0,NA,"",-1
2015-05-06,30,26,21,14,8,5,34,24,18,NA,NA,NA,31,22,11,27,14,NA,0,8,"",-1
2015-05-07,26,22,18,16,12,7,69,51,35,NA,NA,NA,26,20,18,14,10,NA,0,NA,"Rain",-1
2015-05-08,25,21,17,14,13,11,71,52,35,NA,NA,NA,31,26,19,14,5,NA,0,NA,"",-1
2015-05-09,23,19,14,16,13,11,100,71,43,NA,NA,NA,31,28,19,14,6,NA,0,NA,"",-1
2015-05-10,18,16,13,15,12,9,100,76,57,NA,NA,NA,26,19,10,34,18,NA,0,NA,"",-1
2015-05-11,19,16,13,11,9,7,67,55,38,NA,NA,NA,26,15,10,23,19,NA,0,NA,"",-1
2015-05-12,19,14,10,9,6,4,92,50,25,NA,NA,NA,26,19,14,23,14,NA,0,NA,"",-1
2015-05-13,25,19,14,13,11,8,73,51,29,NA,NA,NA,31,24,19,29,8,NA,0,NA,"",-1
2015-05-14,24,19,15,13,9,4,64,44,25,NA,NA,NA,31,21,10,39,24,NA,0,NA,"",-1
2015-05-15,22,20,17,12,7,2,62,33,19,NA,NA,NA,26,17,10,26,18,NA,0,8,"",-1
2015-05-16,18,16,13,14,13,12,100,81,66,NA,NA,NA,19,15,11,11,6,NA,0,8,"",-1
2015-05-17,19,16,12,14,13,12,100,82,60,NA,NA,NA,14,9,3,19,14,NA,0,8,"",-1
2015-05-18,23,18,13,12,10,8,78,51,27,NA,NA,NA,26,22,14,13,10,NA,0,NA,"",-1
2015-05-19,24,19,14,12,10,6,61,45,20,NA,NA,NA,31,23,10,23,11,NA,0,NA,"",-1
2015-05-20,24,20,16,9,8,7,48,38,24,NA,NA,NA,26,17,10,16,8,NA,0,NA,"",-1
2015-05-21,16,14,12,14,10,4,99,71,36,NA,NA,NA,26,17,11,14,10,NA,0,8,"",-1
2015-05-22,16,13,9,10,7,2,95,67,27,NA,NA,NA,19,18,14,19,10,NA,0,NA,"",-1
2015-05-23,15,12,8,9,8,8,91,72,57,NA,NA,NA,31,26,14,24,14,NA,0,NA,"",-1
2015-05-24,15,12,8,12,10,8,100,89,56,NA,NA,NA,31,19,6,8,5,NA,2.03,8,"Rain-Thunderstorm",-1
2015-05-25,18,13,8,13,9,4,100,74,33,NA,NA,NA,31,20,8,6,2,NA,0,8,"Rain",-1
2015-05-26,17,14,11,12,11,9,100,87,50,NA,NA,NA,31,18,8,8,5,NA,7.87,8,"Rain-Thunderstorm",-1
2015-05-27,14,12,9,10,8,3,99,76,46,NA,NA,NA,19,14,3,27,13,NA,0,8,"Fog-Rain",-1
2015-05-28,13,11,8,8,4,-2,94,62,24,NA,NA,NA,31,21,14,27,13,NA,0,NA,"Rain",-1
2015-05-29,21,14,8,6,1,-4,67,34,9,NA,NA,NA,31,27,10,16,8,NA,0,NA,"",-1
2015-05-30,24,19,13,13,8,2,71,48,15,NA,NA,NA,26,17,10,19,8,NA,0,NA,"",-1
2015-05-31,23,18,13,14,11,7,88,59,25,NA,NA,NA,31,24,14,14,5,NA,0,NA,"",-1
2015-06-01,26,21,16,13,11,7,80,53,23,NA,NA,NA,18,16,14,10,6,NA,0,NA,"",-1
2015-06-02,26,21,17,13,11,9,60,45,27,NA,NA,NA,31,26,19,11,8,NA,0,NA,"",-1
2015-06-03,27,22,18,14,13,11,64,47,29,NA,NA,NA,31,29,26,16,8,NA,0,NA,"",-1
2015-06-04,27,23,18,16,14,12,68,51,29,NA,NA,NA,31,27,26,19,8,NA,0,NA,"",-1
2015-06-05,25,21,17,17,15,13,65,57,46,NA,NA,NA,26,19,11,29,16,NA,0,NA,"",-1
2015-06-06,27,22,18,17,15,13,77,55,40,NA,NA,NA,31,20,14,21,8,NA,0,NA,"",-1
2015-06-07,26,22,18,17,16,14,78,62,46,NA,NA,NA,26,19,10,32,8,NA,0,NA,"",-1
2015-06-08,26,21,14,16,14,11,100,68,29,NA,NA,NA,19,15,11,23,6,NA,7.11,8,"Thunderstorm",-1
2015-06-09,25,19,14,17,14,12,78,66,42,NA,NA,NA,26,17,8,11,6,NA,0,NA,"Thunderstorm",-1
2015-06-10,25,21,16,17,14,12,86,66,35,NA,NA,NA,31,23,19,8,5,NA,2.03,NA,"Thunderstorm",-1
2015-06-11,25,21,16,17,16,13,100,69,42,NA,NA,NA,19,19,18,11,8,NA,0,NA,"",-1
2015-06-12,28,23,18,17,14,12,88,55,28,NA,NA,NA,19,17,14,11,3,NA,0,NA,"",-1
2015-06-13,28,23,19,14,12,9,51,38,24,NA,NA,NA,31,20,14,19,8,NA,0,NA,"",-1
2015-06-14,24,22,18,18,15,14,100,62,46,NA,NA,NA,31,20,8,23,8,NA,0,8,"",-1
2015-06-15,22,19,16,18,17,14,100,80,54,NA,NA,NA,19,16,14,40,14,NA,0,8,"",-1
2015-06-16,26,21,16,17,14,13,83,64,36,NA,NA,NA,31,21,18,11,6,NA,0.51,NA,"",-1
2015-06-17,19,16,12,16,14,12,100,91,65,NA,NA,NA,18,13,2,32,11,NA,39.12,8,"Rain-Thunderstorm",-1
2015-06-18,16,13,9,12,9,6,95,72,42,NA,NA,NA,19,14,5,48,19,NA,1.02,8,"Rain",-1
2015-06-19,24,18,12,13,9,6,81,54,24,NA,NA,NA,31,22,14,10,5,NA,0.76,NA,"",-1
2015-06-20,21,17,12,15,13,12,100,89,53,NA,NA,NA,16,12,2,10,6,NA,18.03,8,"Rain-Thunderstorm",-1
2015-06-21,18,14,11,12,7,2,97,57,25,NA,NA,NA,31,27,19,27,13,NA,0,NA,"",-1
2015-06-22,24,18,11,12,5,2,62,35,16,NA,NA,NA,31,27,11,14,10,NA,0,NA,"",-1
2015-06-23,23,19,16,12,11,8,69,50,38,NA,NA,NA,31,24,11,42,19,NA,0,NA,"",-1
2015-06-24,21,18,13,17,13,7,100,73,43,NA,NA,NA,26,20,14,21,11,NA,0,8,"",-1
2015-06-25,21,16,12,13,9,6,100,59,29,NA,NA,NA,31,26,14,13,10,NA,0,NA,"",-1
2015-06-26,20,16,12,11,7,5,73,46,27,NA,NA,NA,31,28,19,27,14,NA,0,NA,"",-1
2015-06-27,22,18,14,9,8,6,60,41,25,NA,NA,NA,26,23,14,23,14,NA,0,NA,"",-1
2015-06-28,23,20,17,11,9,8,51,40,33,NA,NA,NA,31,21,10,26,11,NA,0,8,"Rain",-1
2015-06-29,24,19,15,12,10,9,58,44,29,NA,NA,NA,31,28,19,19,14,NA,0,NA,"",-1
2015-06-30,24,21,17,11,8,6,55,37,25,NA,NA,NA,31,25,19,27,13,NA,0,NA,"",-1
2015-07-01,24,21,18,10,7,5,38,30,23,NA,NA,NA,31,28,19,34,14,NA,0,NA,"",-1
2015-07-02,28,23,19,10,8,4,30,26,22,NA,NA,NA,31,24,14,11,6,NA,0,NA,"",-1
2015-07-03,28,24,20,13,11,8,46,33,24,NA,NA,NA,31,27,14,19,8,NA,0,NA,"",-1
2015-07-04,26,23,20,16,13,12,56,44,32,NA,NA,NA,31,29,19,26,18,NA,0,NA,"",-1
2015-07-05,30,25,20,13,11,8,57,34,16,NA,NA,NA,31,26,19,8,3,NA,0,NA,"",-1
2015-07-06,32,27,21,19,12,6,65,36,11,NA,NA,NA,31,27,14,8,5,NA,0,NA,"",-1
2015-07-07,34,29,23,20,14,10,66,36,14,NA,NA,NA,31,20,14,14,5,NA,0,NA,"",-1
2015-07-08,32,27,21,24,22,18,96,70,35,NA,NA,NA,19,15,11,23,5,NA,0,NA,"",-1
2015-07-09,30,26,21,22,19,17,100,69,37,NA,NA,NA,14,12,8,14,10,NA,0,NA,"",-1
2015-07-10,25,22,18,19,17,14,98,69,52,NA,NA,NA,31,26,14,21,13,NA,0,8,"",-1
2015-07-11,30,24,18,14,13,12,69,46,28,NA,NA,NA,31,25,14,14,3,NA,0,NA,"",-1
2015-07-12,31,26,21,19,16,9,81,47,25,NA,NA,NA,26,21,14,13,3,NA,0,NA,"",-1
2015-07-13,31,26,21,21,18,14,85,59,27,NA,NA,NA,31,24,14,19,8,NA,0,NA,"",-1
2015-07-14,31,26,21,21,19,18,92,64,38,NA,NA,NA,26,20,19,8,5,NA,0,NA,"",-1
2015-07-15,32,28,23,20,16,11,78,45,21,NA,NA,NA,31,26,19,19,8,NA,0,NA,"",-1
2015-07-16,35,30,24,17,14,11,49,35,16,NA,NA,NA,31,25,14,11,6,NA,0,NA,"",-1
2015-07-17,34,29,25,18,16,12,53,36,25,NA,NA,NA,31,19,14,6,3,NA,0,NA,"",-1
2015-07-18,36,31,25,16,15,13,44,31,20,NA,NA,NA,31,25,18,10,6,NA,0,NA,"",-1
2015-07-19,34,30,26,16,14,12,42,29,19,NA,NA,NA,31,22,19,13,5,NA,0,NA,"",-1
2015-07-20,34,29,23,17,14,9,40,30,24,NA,NA,NA,31,24,19,10,6,NA,0,NA,"",-1
2015-07-21,34,30,25,19,18,17,60,43,25,NA,NA,NA,26,21,18,14,6,NA,0,NA,"",-1
2015-07-22,35,30,25,17,16,13,49,35,19,NA,NA,NA,23,18,10,14,5,NA,0,NA,"",-1
2015-07-23,32,28,23,18,16,13,61,45,35,NA,NA,NA,26,18,10,21,8,NA,0,NA,"Thunderstorm",-1
2015-07-24,31,24,18,18,17,16,99,64,38,NA,NA,NA,31,21,5,14,8,NA,35.05,8,"Rain-Thunderstorm",-1
2015-07-25,30,24,18,20,16,12,78,58,24,NA,NA,NA,31,21,14,27,6,NA,0,NA,"",-1
2015-07-26,29,24,20,20,17,12,87,60,28,NA,NA,NA,26,20,18,21,11,NA,0,NA,"",-1
2015-07-27,29,23,18,19,16,12,70,53,28,NA,NA,NA,26,22,11,23,13,NA,0,NA,"",-1
2015-07-28,29,24,19,20,18,14,100,63,32,NA,NA,NA,31,23,8,29,13,NA,0,NA,"",-1
2015-07-29,31,26,19,18,16,12,82,52,24,NA,NA,NA,31,29,26,26,14,NA,0,NA,"",-1
2015-07-30,32,27,22,19,17,13,76,49,24,NA,NA,NA,31,27,18,27,13,NA,0,NA,"",-1
2015-07-31,28,26,21,22,20,17,100,73,57,NA,NA,NA,26,19,14,21,13,NA,0,NA,"Thunderstorm",-1
2015-08-01,31,24,17,19,17,14,100,64,28,NA,NA,NA,19,18,10,11,3,NA,0,NA,"",-1
2015-08-02,29,26,22,22,17,10,100,54,26,NA,NA,NA,31,23,10,14,10,NA,0,NA,"",-1
2015-08-03,27,23,20,22,21,19,100,85,55,NA,NA,NA,26,13,6,23,5,NA,0,NA,"",-1
2015-08-04,29,24,19,20,16,12,100,59,26,NA,NA,NA,26,17,10,8,5,NA,0,NA,"",-1
2015-08-05,30,26,22,19,16,12,74,50,24,NA,NA,NA,31,20,10,19,8,NA,0,NA,"",-1
2015-08-06,31,26,22,19,17,14,65,48,28,NA,NA,NA,31,23,19,13,6,NA,0,NA,"",-1
2015-08-07,31,26,22,20,18,16,78,55,32,NA,NA,NA,18,12,6,23,8,NA,0,NA,"",-1
2015-08-08,31,27,22,18,16,12,68,46,21,NA,NA,NA,31,22,14,11,6,NA,0,NA,"",-1
2015-08-09,33,28,22,19,16,9,75,52,15,NA,NA,NA,31,21,14,11,3,NA,7.87,NA,"Thunderstorm",-1
2015-08-10,30,26,21,23,20,17,100,83,46,NA,NA,NA,19,14,2,39,8,NA,30.99,8,"Rain-Thunderstorm",-1
2015-08-11,21,19,17,20,18,17,100,96,80,NA,NA,NA,18,9,3,11,6,NA,42.93,8,"Thunderstorm",-1
2015-08-12,25,21,17,19,16,13,99,71,47,NA,NA,NA,14,10,3,21,11,NA,0,NA,"",-1
2015-08-13,29,25,21,16,12,7,48,33,23,NA,NA,NA,31,22,14,14,10,NA,0,NA,"",-1
2015-08-14,31,27,23,21,14,11,68,44,29,NA,NA,NA,26,17,3,23,6,NA,7.87,NA,"Rain-Thunderstorm",-1
2015-08-15,27,24,21,17,14,11,73,53,26,NA,NA,NA,23,18,14,14,8,NA,0.51,NA,"Thunderstorm",-1
2015-08-16,20,19,17,18,16,13,95,80,71,NA,NA,NA,18,13,10,37,10,NA,3.05,8,"Rain",-1
2015-08-17,25,20,16,14,12,8,75,56,24,NA,NA,NA,31,18,10,27,18,NA,0,NA,"",-1
2015-08-18,27,21,16,16,11,6,70,46,18,NA,NA,NA,31,26,19,11,6,NA,0,NA,"",-1
2015-08-19,22,18,14,17,14,13,97,73,50,NA,NA,NA,26,19,10,27,13,NA,5.08,8,"Rain",-1
2015-08-20,23,18,14,17,14,8,99,77,29,NA,NA,NA,26,19,3,10,5,NA,0,8,"",-1
2015-08-21,22,18,14,17,14,12,97,82,40,NA,NA,NA,26,17,3,10,5,NA,10.92,8,"Rain",-1
2015-08-22,26,19,13,14,12,9,92,66,37,NA,NA,NA,19,17,14,14,6,NA,0,NA,"",-1
2015-08-23,26,21,16,15,13,9,88,59,25,NA,NA,NA,31,24,18,10,2,NA,0,NA,"",-1
2015-08-24,29,23,18,18,14,7,81,53,31,NA,NA,NA,31,24,19,14,6,NA,0,NA,"",-1
2015-08-25,29,24,20,20,18,17,89,66,39,NA,NA,NA,26,21,18,24,13,NA,0,NA,"",-1
2015-08-26,27,23,18,22,19,17,96,77,47,NA,NA,NA,26,15,10,10,5,NA,0,NA,"",-1
2015-08-27,29,23,18,22,19,17,100,78,43,NA,NA,NA,31,17,2,16,3,NA,0,NA,"",-1
2015-08-28,31,26,21,21,18,13,97,68,24,NA,NA,NA,31,24,19,10,3,NA,0,NA,"",-1
2015-08-29,30,26,21,22,18,16,96,63,33,NA,NA,NA,26,21,19,11,5,NA,0,NA,"",-1
2015-08-30,31,26,21,18,13,7,71,43,15,NA,NA,NA,31,24,19,6,5,NA,0,NA,"",-1
2015-08-31,32,27,22,16,12,8,55,34,13,NA,NA,NA,31,23,11,11,5,NA,0,NA,"",-1
2015-09-01,31,27,23,18,14,12,60,41,21,NA,NA,NA,26,20,10,14,6,NA,0,NA,"",-1
2015-09-02,31,26,21,16,14,9,57,43,20,NA,NA,NA,31,24,19,24,10,NA,0,NA,"",-1
2015-09-03,29,24,19,18,15,11,85,52,24,NA,NA,NA,31,24,19,16,6,NA,0,NA,"",-1
2015-09-04,28,23,19,20,18,16,100,73,43,NA,NA,NA,26,18,11,37,14,NA,0.51,8,"Rain-Thunderstorm",-1
2015-09-05,26,22,19,20,19,17,90,79,58,NA,NA,NA,18,14,11,34,13,NA,0,8,"Rain-Thunderstorm",-1
2015-09-06,24,21,17,19,13,9,100,63,35,NA,NA,NA,26,15,3,37,14,NA,0,8,"",-1
2015-09-07,23,19,15,17,14,11,100,73,37,NA,NA,NA,19,12,3,11,3,NA,0,8,"",-1
2015-09-08,19,16,13,13,9,5,94,62,28,NA,NA,NA,31,21,14,16,8,NA,0,8,"",-1
2015-09-09,18,16,13,12,10,8,72,66,60,NA,NA,NA,23,19,14,19,8,NA,0,8,"",-1
2015-09-10,19,16,12,12,11,8,89,69,44,NA,NA,NA,26,19,10,16,11,NA,0,NA,"",-1
2015-09-11,22,18,13,14,12,9,87,73,32,NA,NA,NA,31,19,8,14,3,NA,7.11,8,"Rain",-1
2015-09-12,25,20,15,13,12,8,77,56,26,NA,NA,NA,31,23,18,10,5,NA,0,NA,"",-1
2015-09-13,27,22,17,13,11,9,68,48,27,NA,NA,NA,31,23,14,13,5,NA,0,NA,"",-1
2015-09-14,24,22,19,17,14,12,77,55,44,NA,NA,NA,31,22,14,16,10,NA,0,NA,"",-1
2015-09-15,28,23,19,19,18,16,89,66,39,NA,NA,NA,31,21,10,10,6,NA,0,NA,"",-1
2015-09-16,28,24,20,17,13,8,71,41,26,NA,NA,NA,31,19,10,34,16,NA,0,NA,"",-1
2015-09-17,33,28,23,9,7,3,28,21,8,NA,NA,NA,31,23,14,29,19,NA,0,NA,"",-1
2015-09-18,33,28,23,12,10,8,30,24,18,NA,NA,NA,31,25,14,19,10,NA,0,NA,"",-1
2015-09-19,30,27,23,20,13,8,78,40,21,NA,NA,NA,26,22,18,11,6,NA,0,NA,"",-1
2015-09-20,22,18,13,18,16,11,100,84,45,NA,NA,NA,31,16,6,34,10,NA,19.05,8,"Rain-Thunderstorm",-1
2015-09-21,18,16,12,12,10,7,98,73,41,NA,NA,NA,31,19,8,32,21,NA,0,NA,"",-1
2015-09-22,23,17,11,12,9,6,92,62,24,NA,NA,NA,31,21,14,8,5,NA,0,NA,"",-1
2015-09-23,21,18,14,13,12,9,81,63,45,NA,NA,NA,31,22,14,29,10,NA,7.87,8,"",-1
2015-09-24,17,14,11,13,11,9,100,90,67,NA,NA,NA,26,12,3,16,6,NA,2.03,8,"Rain-Thunderstorm",-1
2015-09-25,18,14,10,13,10,8,96,76,40,NA,NA,NA,26,19,10,14,8,NA,0.25,NA,"",-1
2015-09-26,15,13,11,12,11,11,98,91,81,NA,NA,NA,14,12,10,14,8,NA,0,8,"",-1
2015-09-27,14,12,11,11,11,9,94,86,70,NA,NA,NA,31,16,11,14,8,NA,0,8,"",-1
2015-09-28,14,12,10,11,10,8,100,86,61,NA,NA,NA,19,14,0,23,11,NA,0.25,8,"Rain",-1
2015-09-29,14,11,9,10,8,6,100,83,50,NA,NA,NA,31,24,16,26,13,NA,0,NA,"",-1
2015-09-30,14,11,8,11,9,8,98,84,56,NA,NA,NA,26,20,10,14,11,NA,0,8,"",-1
2015-10-01,12,11,10,12,11,9,99,95,92,NA,NA,NA,11,7,2,10,2,NA,4.06,8,"Rain",-1
2015-10-02,18,15,12,15,12,12,96,80,55,NA,NA,NA,11,6,0,14,6,NA,0,8,"Fog-Rain",-1
2015-10-03,20,17,13,14,11,8,95,64,36,NA,NA,NA,31,23,11,11,8,NA,0,NA,"",-1
2015-10-04,20,17,13,11,9,7,74,54,32,NA,NA,NA,31,22,10,19,13,NA,0,NA,"",-1
2015-10-05,19,17,14,16,14,11,100,85,65,NA,NA,NA,31,19,6,37,16,NA,0.76,8,"Rain",-1
2015-10-06,21,18,14,16,14,13,100,75,59,NA,NA,NA,31,23,14,34,18,NA,0,8,"",-1
2015-10-07,21,17,13,16,13,9,99,80,32,NA,NA,NA,31,21,14,29,16,NA,6.1,NA,"Rain",-1
2015-10-08,20,16,12,15,13,11,97,83,51,NA,NA,NA,31,18,3,21,2,NA,2.03,8,"",-1
2015-10-09,16,14,12,14,13,12,100,93,70,NA,NA,NA,8,4,0,11,3,NA,18.03,8,"Rain",-1
2015-10-10,13,12,12,13,12,12,100,96,93,NA,NA,NA,2,0,0,10,3,NA,40.89,8,"Fog-Rain",-1
2015-10-11,12,11,10,12,11,9,100,97,94,NA,NA,NA,8,4,0,23,10,NA,7.11,8,"Rain",-1
2015-10-12,19,14,9,12,9,5,100,71,52,NA,NA,NA,31,18,8,8,3,NA,0,NA,"",-1
2015-10-13,19,16,12,16,14,10,100,89,75,NA,NA,NA,31,18,10,21,10,NA,0,8,"",-1
2015-10-14,19,17,15,17,16,13,100,91,73,NA,NA,NA,19,9,3,45,18,NA,24.89,8,"Rain-Thunderstorm",-1
2015-10-15,15,14,12,15,13,7,100,90,63,NA,NA,NA,19,12,3,35,11,NA,14.99,8,"Rain-Thunderstorm",-1
2015-10-16,15,12,10,7,5,3,69,54,39,NA,NA,NA,31,21,14,32,21,NA,0,NA,"",-1
2015-10-17,16,13,9,10,8,6,89,66,47,NA,NA,NA,19,18,14,16,6,NA,0,NA,"",-1
2015-10-18,18,14,11,13,11,8,92,78,63,NA,NA,NA,23,18,14,10,3,NA,0,NA,"",-1
2015-10-19,16,14,12,16,13,11,100,89,76,NA,NA,NA,18,7,0,16,10,NA,27.94,8,"Fog-Rain-Thunderstorm",-1
2015-10-20,11,9,8,11,9,7,96,92,90,NA,NA,NA,14,4,0,6,2,NA,0.51,8,"Fog-Rain",-1
2015-10-21,9,8,6,8,7,6,94,91,89,NA,NA,NA,31,12,5,23,8,NA,1.02,8,"Rain",-1
2015-10-22,7,7,6,6,5,4,93,88,75,NA,NA,NA,11,7,3,34,19,NA,2.03,8,"Rain",-1
2015-10-23,9,8,6,7,6,4,93,80,58,NA,NA,NA,18,13,10,40,34,NA,0,NA,"",-1
2015-10-24,15,11,8,11,8,7,96,79,54,NA,NA,NA,19,14,10,14,10,NA,0,NA,"",-1
2015-10-25,20,16,11,9,4,-4,67,41,19,NA,NA,NA,31,23,19,6,2,NA,0,NA,"",-1
2015-10-26,19,14,11,12,9,8,99,73,40,NA,NA,NA,19,15,6,3,2,NA,0,NA,"",-1
2015-10-27,17,13,9,11,9,4,96,78,52,NA,NA,NA,26,12,0,13,3,NA,0,NA,"Fog",-1
2015-10-28,16,12,9,12,10,7,95,80,63,NA,NA,NA,14,11,0,10,3,NA,0,8,"Fog",-1
2015-10-29,14,12,10,12,11,9,95,89,75,NA,NA,NA,26,15,3,21,5,NA,4.06,8,"Rain-Thunderstorm",-1
2015-10-30,12,11,9,11,9,8,94,92,89,NA,NA,NA,5,2,0,27,14,NA,10.92,8,"Rain",-1
2015-10-31,11,9,8,9,8,7,93,90,86,NA,NA,NA,11,7,0,23,14,NA,0,8,"Rain",-1
2015-11-01,12,10,7,8,7,6,95,84,61,NA,NA,NA,18,13,8,14,11,NA,0,8,"",-1
2015-11-02,14,10,7,10,7,6,96,81,52,NA,NA,NA,26,16,0,10,5,NA,0,NA,"Fog",-1
2015-11-03,17,12,8,11,8,6,93,76,53,NA,NA,NA,31,21,10,3,0,NA,0,NA,"",-1
2015-11-04,18,14,11,12,8,4,89,60,43,NA,NA,NA,19,17,14,6,3,NA,0,NA,"",-1
2015-11-05,18,14,11,14,12,11,96,86,64,NA,NA,NA,19,14,6,11,2,NA,0,NA,"Rain",-1
2015-11-06,17,14,11,13,12,10,97,87,67,NA,NA,NA,26,16,2,10,3,NA,0,NA,"",-1
2015-11-07,17,13,10,9,3,-1,95,47,24,NA,NA,NA,31,18,5,11,8,NA,0,NA,"",-1
2015-11-08,19,16,12,3,2,-1,35,29,21,NA,NA,NA,31,25,19,14,10,NA,0,NA,"",-1
2015-11-09,23,18,14,12,7,4,76,44,27,NA,NA,NA,26,22,19,10,5,NA,0,NA,"",-1
2015-11-10,18,13,8,12,9,4,93,70,27,NA,NA,NA,31,17,0,6,3,NA,0,NA,"Fog",-1
2015-11-11,23,18,12,13,7,1,91,47,23,NA,NA,NA,31,20,3,8,2,NA,0,NA,"",-1
2015-11-12,19,14,9,11,9,6,92,70,45,NA,NA,NA,26,13,3,6,2,NA,0,NA,"",-1
2015-11-13,18,14,9,11,8,5,99,70,42,NA,NA,NA,19,12,6,10,2,NA,0,NA,"",-1
2015-11-14,11,9,8,9,8,7,100,90,73,NA,NA,NA,16,7,3,8,3,NA,0,8,"",-1
2015-11-15,15,11,8,7,6,5,79,63,39,NA,NA,NA,31,23,16,10,3,NA,0,NA,"",-1
2015-11-16,19,13,8,12,7,-1,85,56,22,NA,NA,NA,31,22,10,6,0,NA,0,NA,"",-1
2015-11-17,18,14,8,12,9,8,100,76,56,NA,NA,NA,19,11,3,8,2,NA,0,NA,"",-1
2015-11-18,14,10,7,9,8,7,100,91,63,NA,NA,NA,13,6,2,8,3,NA,0,8,"",-1
2015-11-19,16,12,8,9,8,6,99,78,44,NA,NA,NA,31,19,13,10,5,NA,0,NA,"",-1
2015-11-20,15,11,8,12,9,8,100,80,52,NA,NA,NA,31,25,18,29,14,NA,0,NA,"",-1
2015-11-21,14,13,9,12,11,6,99,86,73,NA,NA,NA,18,10,3,71,39,NA,0.51,8,"Rain",-1
2015-11-22,8,6,4,7,4,0,100,79,59,NA,NA,NA,18,13,10,47,24,NA,0,NA,"",-1
2015-11-23,8,6,3,6,4,2,100,88,80,NA,NA,NA,26,14,0,13,5,NA,0,8,"Rain",-1
2015-11-24,4,4,3,4,3,2,100,93,85,NA,NA,NA,6,3,0,8,5,NA,3.05,8,"Rain",-1
2015-11-25,5,4,3,4,3,3,95,91,88,NA,NA,NA,6,1,0,11,10,NA,4.06,8,"Fog-Rain",-1
2015-11-26,2,1,0,3,1,-1,100,94,86,NA,NA,NA,5,2,0,40,18,NA,11.94,8,"Fog-Rain-Snow",-1
2015-11-27,4,2,1,4,2,1,100,98,96,NA,NA,NA,10,3,0,37,27,NA,27.94,8,"Rain",-1
2015-11-28,7,4,1,4,2,-1,100,86,69,NA,NA,NA,23,17,10,8,3,NA,0,NA,"",-1
2015-11-29,9,6,2,3,0,-2,100,65,44,NA,NA,NA,31,24,16,14,5,NA,0,NA,"",-1
2015-11-30,12,8,3,3,1,-2,65,55,35,NA,NA,NA,31,26,18,21,8,NA,0,NA,"",-1
2015-12-01,14,10,7,7,4,2,81,64,51,NA,NA,NA,26,20,10,29,14,NA,0,NA,"",-1
2015-12-02,14,10,6,8,5,3,93,65,35,NA,NA,NA,31,18,10,10,3,NA,0,NA,"",-1
2015-12-03,13,11,6,9,8,6,100,88,68,NA,NA,NA,26,15,0,3,2,NA,0,NA,"Fog",-1
2015-12-04,11,7,4,8,6,4,100,88,73,NA,NA,NA,6,4,0,3,2,NA,0,NA,"Fog",-1
2015-12-05,10,8,6,7,4,3,100,76,52,NA,NA,NA,26,13,3,10,2,NA,0,8,"",-1
2015-12-06,12,9,5,8,6,3,100,88,47,NA,NA,NA,14,10,2,3,0,NA,0,NA,"",-1
2015-12-07,12,9,7,9,7,6,100,89,58,NA,NA,NA,26,8,0,6,2,NA,0,NA,"Fog",-1
2015-12-08,13,9,5,8,6,4,99,82,47,NA,NA,NA,31,16,0,6,2,NA,0,NA,"Fog",-1
2015-12-09,12,10,7,9,8,6,100,92,70,NA,NA,NA,19,10,3,3,3,NA,0,8,"",-1
2015-12-10,6,4,4,7,4,3,100,94,88,NA,NA,NA,14,7,3,23,11,NA,1.02,8,"Rain",-1
2015-12-11,7,6,3,3,-2,-12,94,57,15,NA,NA,NA,31,19,14,16,10,NA,0,8,"",-1
2015-12-12,11,8,4,0,-11,-22,66,23,4,NA,NA,NA,31,21,11,11,5,NA,0,NA,"",-1
2015-12-13,10,7,3,7,4,2,100,86,64,NA,NA,NA,26,15,8,6,2,NA,0,NA,"",-1
2015-12-14,10,7,4,6,4,3,100,85,59,NA,NA,NA,19,15,8,3,2,NA,0,NA,"",-1
2015-12-15,11,7,3,5,4,1,100,82,41,NA,NA,NA,31,16,6,8,3,NA,0,NA,"",-1
2015-12-16,7,6,5,6,3,-2,99,74,47,NA,NA,NA,26,18,10,26,11,NA,0,NA,"",-1
2015-12-17,9,7,4,6,3,1,96,80,52,NA,NA,NA,23,12,10,13,10,NA,0,NA,"",-1
2015-12-18,12,8,4,1,-2,-4,56,42,21,NA,NA,NA,31,23,11,3,3,NA,0,NA,"",-1
2015-12-19,11,9,6,7,4,0,95,69,47,NA,NA,NA,31,22,14,3,2,NA,0,NA,"",-1
2015-12-20,12,9,6,8,7,6,99,88,69,NA,NA,NA,26,19,10,10,5,NA,0,NA,"",-1
2015-12-21,14,11,7,7,4,1,92,62,33,NA,NA,NA,31,21,10,10,3,NA,0,NA,"",-1
2015-12-22,13,10,7,5,3,2,72,58,36,NA,NA,NA,31,19,10,8,5,NA,0,NA,"",-1
2015-12-23,14,11,7,8,6,4,100,70,49,NA,NA,NA,31,24,11,11,5,NA,0,NA,"",-1
2015-12-24,11,9,6,7,5,3,95,75,47,NA,NA,NA,31,24,19,23,5,NA,0,NA,"",-1
2015-12-25,12,9,6,7,5,3,99,75,51,NA,NA,NA,26,21,19,3,2,NA,0,NA,"",-1
2015-12-26,12,9,6,7,6,4,95,82,51,NA,NA,NA,26,18,10,6,3,NA,0,NA,"",-1
2015-12-27,14,10,6,6,2,-2,96,55,25,NA,NA,NA,31,21,10,8,3,NA,0,NA,"",-1
2015-12-28,17,12,8,1,-3,-8,38,23,15,NA,NA,NA,31,27,26,8,3,NA,0,NA,"",-1
2015-12-29,14,10,5,7,1,-3,100,50,25,NA,NA,NA,31,21,11,8,5,NA,0,NA,"",-1
2015-12-30,7,6,4,5,4,3,99,93,74,NA,NA,NA,26,14,5,23,6,NA,0,8,"",-1
2015-12-31,3,3,2,4,1,-1,98,80,64,NA,NA,NA,26,18,14,11,6,NA,0,8,"",-1
2016-01-01,6,3,1,3,0,-2,98,78,66,NA,NA,NA,19,15,11,6,2,NA,0,8,"",-1
2016-01-02,9,6,3,8,4,1,97,83,73,NA,NA,NA,18,12,10,19,6,NA,0,8,"",-1
2016-01-03,10,7,3,7,4,2,98,77,54,NA,NA,NA,31,15,0,34,13,NA,0,NA,"Fog",-1
2016-01-04,10,7,3,8,4,0,97,74,50,NA,NA,NA,19,15,11,29,13,NA,0,8,"",-1
2016-01-05,10,9,7,8,7,6,100,82,75,NA,NA,NA,19,10,0,24,14,NA,2.03,8,"Fog-Rain",-1
2016-01-06,10,8,4,7,4,-1,97,72,46,NA,NA,NA,11,9,3,40,14,NA,1.02,8,"Rain",-1
2016-01-07,9,6,3,4,-1,-6,81,55,25,NA,NA,NA,31,20,11,26,14,NA,0,8,"",-1
2016-01-08,12,9,6,8,6,4,96,76,55,NA,NA,NA,26,19,14,29,16,NA,0,NA,"",-1
2016-01-09,13,12,10,9,7,3,87,69,48,NA,NA,NA,19,18,14,23,16,NA,0,8,"",-1
2016-01-10,13,12,10,10,7,4,87,64,45,NA,NA,NA,26,19,10,47,26,NA,0,8,"",-1
2016-01-11,13,12,10,9,7,3,84,67,49,NA,NA,NA,18,14,10,52,26,NA,0,NA,"",-1
2016-01-12,12,9,6,8,3,2,73,62,51,NA,NA,NA,23,15,6,82,50,NA,0,NA,"",-1
2016-01-13,9,7,4,2,-1,-5,74,52,29,NA,NA,NA,31,20,11,42,23,NA,0,NA,"Rain",-1
2016-01-14,9,6,3,4,0,-5,87,61,35,NA,NA,NA,31,21,8,27,10,NA,0,8,"",-1
2016-01-15,11,7,3,8,4,1,100,81,41,NA,NA,NA,31,14,0,29,16,NA,4.06,8,"Fog-Rain",-1
2016-01-16,2,1,-1,-1,-3,-6,82,70,49,NA,NA,NA,18,11,3,42,16,NA,0,8,"Snow",-1
2016-01-17,-3,-4,-4,-4,-6,-7,94,83,78,NA,NA,NA,11,3,0,32,24,NA,5.08,8,"Snow",-1
2016-01-18,-3,-4,-5,-5,-6,-7,85,81,79,NA,NA,NA,19,6,0,32,21,NA,11.94,8,"Rain-Snow-Thunderstorm",-1
2016-01-19,0,-2,-5,-4,-6,-7,82,73,61,NA,NA,NA,26,22,19,11,5,NA,0,8,"",-1
2016-01-20,3,0,-3,-4,-5,-7,72,58,41,NA,NA,NA,31,22,10,8,3,NA,0,NA,"",-1
2016-01-21,6,3,1,1,-2,-6,89,66,45,NA,NA,NA,19,15,10,10,5,NA,0,NA,"",-1
2016-01-22,3,2,1,1,-1,-2,93,80,71,NA,NA,NA,19,11,3,11,6,NA,0,8,"",-1
2016-01-23,4,2,0,0,-3,-5,83,63,49,NA,NA,NA,26,19,14,6,3,NA,0.25,8,"Rain",-1
2016-01-24,8,4,1,1,-3,-10,93,57,19,NA,NA,NA,26,20,14,19,11,NA,0,8,"",-1
2016-01-25,11,8,4,-2,-8,-16,45,23,8,NA,NA,NA,26,24,19,10,5,NA,0,NA,"",-1
2016-01-26,13,9,4,6,1,-3,88,53,36,NA,NA,NA,31,23,19,19,5,NA,0,NA,"",-1
2016-01-27,11,7,3,6,4,3,99,84,54,NA,NA,NA,19,8,0,8,3,NA,0,NA,"Fog",-1
2016-01-28,11,8,5,6,4,3,92,79,60,NA,NA,NA,14,10,6,8,2,NA,0,NA,"",-1
2016-01-29,12,8,4,6,4,2,96,76,45,NA,NA,NA,14,8,6,10,5,NA,0,NA,"",-1
2016-01-30,11,8,4,6,3,1,99,72,39,NA,NA,NA,19,13,5,13,6,NA,0,NA,"",-1
2016-01-31,11,8,6,6,3,2,80,66,56,NA,NA,NA,19,18,14,47,26,NA,0,NA,"",-1
2016-02-01,17,12,7,9,7,5,97,77,46,NA,NA,NA,31,22,10,32,16,NA,0,NA,"",-1
2016-02-02,16,12,8,8,7,6,100,76,39,NA,NA,NA,31,21,10,13,8,NA,0,NA,"",-1
2016-02-03,12,9,7,7,6,3,85,70,50,NA,NA,NA,31,21,14,40,13,NA,0,NA,"",-1
2016-02-04,3,1,0,6,1,-3,99,84,70,NA,NA,NA,18,10,2,37,19,NA,4.06,8,"Rain-Snow",-1
2016-02-05,6,3,0,-4,-13,-21,63,24,6,NA,NA,NA,31,27,19,26,13,NA,0,NA,"",-1
2016-02-06,11,6,1,-4,-8,-12,47,28,12,NA,NA,NA,31,25,14,13,5,NA,0,NA,"",-1
2016-02-07,8,6,3,2,-3,-11,63,42,18,NA,NA,NA,31,23,14,14,10,NA,0,8,"",-1
2016-02-08,11,8,6,7,5,3,81,74,71,NA,NA,NA,26,20,14,10,3,NA,0,NA,"",-1
2016-02-09,11,9,7,8,5,4,92,71,56,NA,NA,NA,31,23,14,40,26,NA,0.51,8,"",-1
2016-02-10,11,8,4,8,1,-8,98,58,26,NA,NA,NA,23,14,6,39,31,NA,0,8,"Rain",-1
2016-02-11,7,4,1,3,-2,-8,97,58,26,NA,NA,NA,19,11,0,10,6,NA,3.05,8,"Fog-Rain-Snow",-1
2016-02-12,9,6,3,5,1,-9,79,60,23,NA,NA,NA,19,14,8,19,6,NA,0,8,"",-1
2016-02-13,12,8,5,7,3,-1,87,60,29,NA,NA,NA,31,14,8,55,29,NA,0,8,"Rain",-1
2016-02-14,13,10,8,11,8,3,99,77,57,NA,NA,NA,19,13,6,34,24,NA,1.02,8,"Rain",-1
2016-02-15,12,11,9,9,6,1,97,73,39,NA,NA,NA,18,13,6,23,13,NA,4.06,8,"Rain",-1
2016-02-16,13,10,7,9,4,-2,93,63,31,NA,NA,NA,19,13,0,26,13,NA,0,8,"Fog",-1
2016-02-17,16,12,8,7,-4,-17,76,33,4,NA,NA,NA,26,15,10,32,18,NA,0,NA,"",-1
2016-02-18,6,6,5,7,3,-3,98,77,27,NA,NA,NA,10,3,0,6,3,NA,2.03,8,"Fog-Rain",-1
2016-02-19,15,9,4,3,-1,-4,77,50,25,NA,NA,NA,26,20,14,34,18,NA,0,NA,"",-1
2016-02-20,9,6,3,2,0,-2,79,59,38,NA,NA,NA,31,23,18,34,19,NA,0,NA,"",-1
2016-02-21,14,9,3,7,-1,-6,85,47,24,NA,NA,NA,26,20,18,14,8,NA,0,NA,"",-1
2016-02-22,15,11,7,9,6,2,99,67,28,NA,NA,NA,26,17,10,10,5,NA,0,8,"",-1
2016-02-23,18,14,9,6,0,-8,74,35,11,NA,NA,NA,19,16,10,21,13,NA,0,8,"",-1
2016-02-24,14,10,6,8,6,3,96,73,47,NA,NA,NA,19,14,8,16,6,NA,0,8,"",-1
2016-02-25,11,9,6,5,3,1,87,61,45,NA,NA,NA,19,15,8,14,8,NA,1.02,NA,"",-1
2016-02-26,9,6,3,7,4,1,95,84,61,NA,NA,NA,19,11,0,19,11,NA,0,8,"Fog-Rain-Thunderstorm",-1
2016-02-27,10,7,4,4,3,2,80,73,65,NA,NA,NA,14,13,10,19,10,NA,0,8,"Rain",-1
2016-02-28,11,9,7,9,4,2,93,69,55,NA,NA,NA,31,15,8,29,16,NA,5.08,8,"",-1
2016-02-29,9,7,3,5,2,-3,93,69,30,NA,NA,NA,18,13,6,37,21,NA,0.51,8,"Rain",-1
2016-03-01,7,5,3,6,3,1,98,88,71,NA,NA,NA,18,12,2,13,8,NA,0,8,"Rain",-1
2016-03-02,11,7,3,4,1,-3,93,63,32,NA,NA,NA,31,25,18,23,8,NA,0,NA,"",-1
2016-03-03,7,5,3,3,-2,-3,82,54,43,NA,NA,NA,26,15,10,50,32,NA,0,8,"Rain",-1
2016-03-04,5,2,1,-1,-4,-6,60,54,47,NA,NA,NA,14,11,10,19,13,NA,0,NA,"",-1
